{"frames":[{"filename":"Dead 1","frame":{"x":4580,"y":1594,"w":986,"h":796},"rotated":false,"trimmed":false,"spriteSourceSize":{"x":0,"y":0,"w":986,"h":796},"sourceSize":{"w":986,"h":796}},{"filename":"Dead 2","frame":{"x":0,"y":4683,"w":986,"h":796},"rotated":false,"trimmed":false,"spriteSourceSize":{"x":0,"y":0,"w":986,"h":796},"sourceSize":{"w":986,"h":796}},{"filename":"Dead 3","frame":{"x":4580,"y":3985,"w":986,"h":796},"rotated":false,"trimmed":false,"spriteSourceSize":{"x":0,"y":0,"w":986,"h":796},"sourceSize":{"w":986,"h":796}},{"filename":"Dead 4","frame":{"x":0,"y":3089,"w":986,"h":796},"rotated":false,"trimmed":false,"spriteSourceSize":{"x":0,"y":0,"w":986,"h":796},"sourceSize":{"w":986,"h":796}},{"filename":"Dead 5","frame":{"x":4580,"y":0,"w":986,"h":796},"rotated":false,"trimmed":false,"spriteSourceSize":{"x":0,"y":0,"w":986,"h":796},"sourceSize":{"w":986,"h":796}},{"filename":"Dead 6","frame":{"x":4580,"y":3188,"w":986,"h":796},"rotated":false,"trimmed":false,"spriteSourceSize":{"x":0,"y":0,"w":986,"h":796},"sourceSize":{"w":986,"h":796}},{"filename":"Dead 7","frame":{"x":4580,"y":797,"w":986,"h":796},"rotated":false,"trimmed":false,"spriteSourceSize":{"x":0,"y":0,"w":986,"h":796},"sourceSize":{"w":986,"h":796}},{"filename":"Dead 8","frame":{"x":4580,"y":2391,"w":986,"h":796},"rotated":false,"trimmed":false,"spriteSourceSize":{"x":0,"y":0,"w":986,"h":796},"sourceSize":{"w":986,"h":796}},{"filename":"Dead 9","frame":{"x":0,"y":2292,"w":986,"h":796},"rotated":false,"trimmed":false,"spriteSourceSize":{"x":0,"y":0,"w":986,"h":796},"sourceSize":{"w":986,"h":796}},{"filename":"Dead 10","frame":{"x":0,"y":3886,"w":986,"h":796},"rotated":false,"trimmed":false,"spriteSourceSize":{"x":0,"y":0,"w":986,"h":796},"sourceSize":{"w":986,"h":796}},{"filename":"Idle 1","frame":{"x":3307,"y":3886,"w":579,"h":763},"rotated":false,"trimmed":false,"spriteSourceSize":{"x":0,"y":0,"w":579,"h":763},"sourceSize":{"w":579,"h":763}},{"filename":"Idle 2","frame":{"x":987,"y":2292,"w":579,"h":763},"rotated":false,"trimmed":false,"spriteSourceSize":{"x":0,"y":0,"w":579,"h":763},"sourceSize":{"w":579,"h":763}},{"filename":"Idle 3","frame":{"x":987,"y":3886,"w":579,"h":763},"rotated":false,"trimmed":false,"spriteSourceSize":{"x":0,"y":0,"w":579,"h":763},"sourceSize":{"w":579,"h":763}},{"filename":"Idle 4","frame":{"x":3420,"y":1528,"w":579,"h":763},"rotated":false,"trimmed":false,"spriteSourceSize":{"x":0,"y":0,"w":579,"h":763},"sourceSize":{"w":579,"h":763}},{"filename":"Idle 5","frame":{"x":0,"y":1528,"w":579,"h":763},"rotated":false,"trimmed":false,"spriteSourceSize":{"x":0,"y":0,"w":579,"h":763},"sourceSize":{"w":579,"h":763}},{"filename":"Idle 6","frame":{"x":4000,"y":0,"w":579,"h":763},"rotated":false,"trimmed":false,"spriteSourceSize":{"x":0,"y":0,"w":579,"h":763},"sourceSize":{"w":579,"h":763}},{"filename":"Idle 7","frame":{"x":3887,"y":4683,"w":579,"h":763},"rotated":false,"trimmed":false,"spriteSourceSize":{"x":0,"y":0,"w":579,"h":763},"sourceSize":{"w":579,"h":763}},{"filename":"Idle 8","frame":{"x":987,"y":4683,"w":579,"h":763},"rotated":false,"trimmed":false,"spriteSourceSize":{"x":0,"y":0,"w":579,"h":763},"sourceSize":{"w":579,"h":763}},{"filename":"Idle 9","frame":{"x":3420,"y":0,"w":579,"h":763},"rotated":false,"trimmed":false,"spriteSourceSize":{"x":0,"y":0,"w":579,"h":763},"sourceSize":{"w":579,"h":763}},{"filename":"Idle 10","frame":{"x":1567,"y":2292,"w":579,"h":763},"rotated":false,"trimmed":false,"spriteSourceSize":{"x":0,"y":0,"w":579,"h":763},"sourceSize":{"w":579,"h":763}},{"filename":"Jump 1","frame":{"x":3887,"y":3886,"w":579,"h":763},"rotated":false,"trimmed":false,"spriteSourceSize":{"x":0,"y":0,"w":579,"h":763},"sourceSize":{"w":579,"h":763}},{"filename":"Jump 2","frame":{"x":2147,"y":3886,"w":579,"h":763},"rotated":false,"trimmed":false,"spriteSourceSize":{"x":0,"y":0,"w":579,"h":763},"sourceSize":{"w":579,"h":763}},{"filename":"Jump 3","frame":{"x":3420,"y":764,"w":579,"h":763},"rotated":false,"trimmed":false,"spriteSourceSize":{"x":0,"y":0,"w":579,"h":763},"sourceSize":{"w":579,"h":763}},{"filename":"Jump 4","frame":{"x":1567,"y":4683,"w":579,"h":763},"rotated":false,"trimmed":false,"spriteSourceSize":{"x":0,"y":0,"w":579,"h":763},"sourceSize":{"w":579,"h":763}},{"filename":"Jump 5","frame":{"x":2727,"y":3886,"w":579,"h":763},"rotated":false,"trimmed":false,"spriteSourceSize":{"x":0,"y":0,"w":579,"h":763},"sourceSize":{"w":579,"h":763}},{"filename":"Jump 6","frame":{"x":4000,"y":1890,"w":579,"h":763},"rotated":false,"trimmed":false,"spriteSourceSize":{"x":0,"y":0,"w":579,"h":763},"sourceSize":{"w":579,"h":763}},{"filename":"Jump 7","frame":{"x":2840,"y":764,"w":579,"h":763},"rotated":false,"trimmed":false,"spriteSourceSize":{"x":0,"y":0,"w":579,"h":763},"sourceSize":{"w":579,"h":763}},{"filename":"Jump 8","frame":{"x":580,"y":0,"w":579,"h":763},"rotated":false,"trimmed":false,"spriteSourceSize":{"x":0,"y":0,"w":579,"h":763},"sourceSize":{"w":579,"h":763}},{"filename":"Jump 9","frame":{"x":2147,"y":4683,"w":579,"h":763},"rotated":false,"trimmed":false,"spriteSourceSize":{"x":0,"y":0,"w":579,"h":763},"sourceSize":{"w":579,"h":763}},{"filename":"Jump 10","frame":{"x":2840,"y":2292,"w":579,"h":763},"rotated":false,"trimmed":false,"spriteSourceSize":{"x":0,"y":0,"w":579,"h":763},"sourceSize":{"w":579,"h":763}},{"filename":"Run 1","frame":{"x":3420,"y":3056,"w":579,"h":763},"rotated":false,"trimmed":false,"spriteSourceSize":{"x":0,"y":0,"w":579,"h":763},"sourceSize":{"w":579,"h":763}},{"filename":"Run 2","frame":{"x":2840,"y":0,"w":579,"h":763},"rotated":false,"trimmed":false,"spriteSourceSize":{"x":0,"y":0,"w":579,"h":763},"sourceSize":{"w":579,"h":763}},{"filename":"Run 3","frame":{"x":3307,"y":4683,"w":579,"h":763},"rotated":false,"trimmed":false,"spriteSourceSize":{"x":0,"y":0,"w":579,"h":763},"sourceSize":{"w":579,"h":763}},{"filename":"Run 4","frame":{"x":580,"y":764,"w":579,"h":763},"rotated":false,"trimmed":false,"spriteSourceSize":{"x":0,"y":0,"w":579,"h":763},"sourceSize":{"w":579,"h":763}},{"filename":"Run 5","frame":{"x":3420,"y":2292,"w":579,"h":763},"rotated":false,"trimmed":false,"spriteSourceSize":{"x":0,"y":0,"w":579,"h":763},"sourceSize":{"w":579,"h":763}},{"filename":"Run 6","frame":{"x":1680,"y":764,"w":579,"h":763},"rotated":false,"trimmed":false,"spriteSourceSize":{"x":0,"y":0,"w":579,"h":763},"sourceSize":{"w":579,"h":763}},{"filename":"Run 7","frame":{"x":2727,"y":4683,"w":579,"h":763},"rotated":false,"trimmed":false,"spriteSourceSize":{"x":0,"y":0,"w":579,"h":763},"sourceSize":{"w":579,"h":763}},{"filename":"Run 8","frame":{"x":4000,"y":2654,"w":579,"h":763},"rotated":false,"trimmed":false,"spriteSourceSize":{"x":0,"y":0,"w":579,"h":763},"sourceSize":{"w":579,"h":763}},{"filename":"Slide 1","frame":{"x":1160,"y":563,"w":519,"h":562},"rotated":false,"trimmed":false,"spriteSourceSize":{"x":0,"y":0,"w":519,"h":562},"sourceSize":{"w":519,"h":562}},{"filename":"Slide 2","frame":{"x":2027,"y":3089,"w":519,"h":562},"rotated":false,"trimmed":false,"spriteSourceSize":{"x":0,"y":0,"w":519,"h":562},"sourceSize":{"w":519,"h":562}},{"filename":"Slide 3","frame":{"x":1680,"y":1528,"w":519,"h":562},"rotated":false,"trimmed":false,"spriteSourceSize":{"x":0,"y":0,"w":519,"h":562},"sourceSize":{"w":519,"h":562}},{"filename":"Slide 4","frame":{"x":1507,"y":3089,"w":519,"h":562},"rotated":false,"trimmed":false,"spriteSourceSize":{"x":0,"y":0,"w":519,"h":562},"sourceSize":{"w":519,"h":562}},{"filename":"Slide 5","frame":{"x":2547,"y":3089,"w":519,"h":562},"rotated":false,"trimmed":false,"spriteSourceSize":{"x":0,"y":0,"w":519,"h":562},"sourceSize":{"w":519,"h":562}},{"filename":"Slide 6","frame":{"x":1160,"y":0,"w":519,"h":562},"rotated":false,"trimmed":false,"spriteSourceSize":{"x":0,"y":0,"w":519,"h":562},"sourceSize":{"w":519,"h":562}},{"filename":"Slide 7","frame":{"x":987,"y":3089,"w":519,"h":562},"rotated":false,"trimmed":false,"spriteSourceSize":{"x":0,"y":0,"w":519,"h":562},"sourceSize":{"w":519,"h":562}},{"filename":"Slide 8","frame":{"x":4000,"y":764,"w":519,"h":562},"rotated":false,"trimmed":false,"spriteSourceSize":{"x":0,"y":0,"w":519,"h":562},"sourceSize":{"w":519,"h":562}},{"filename":"Slide 9","frame":{"x":1160,"y":1528,"w":519,"h":562},"rotated":false,"trimmed":false,"spriteSourceSize":{"x":0,"y":0,"w":519,"h":562},"sourceSize":{"w":519,"h":562}},{"filename":"Slide 10","frame":{"x":4000,"y":1327,"w":519,"h":562},"rotated":false,"trimmed":false,"spriteSourceSize":{"x":0,"y":0,"w":519,"h":562},"sourceSize":{"w":519,"h":562}},{"filename":"Walk 1","frame":{"x":0,"y":764,"w":579,"h":763},"rotated":false,"trimmed":false,"spriteSourceSize":{"x":0,"y":0,"w":579,"h":763},"sourceSize":{"w":579,"h":763}},{"filename":"Walk 2","frame":{"x":2260,"y":0,"w":579,"h":763},"rotated":false,"trimmed":false,"spriteSourceSize":{"x":0,"y":0,"w":579,"h":763},"sourceSize":{"w":579,"h":763}},{"filename":"Walk 3","frame":{"x":2147,"y":2292,"w":579,"h":763},"rotated":false,"trimmed":false,"spriteSourceSize":{"x":0,"y":0,"w":579,"h":763},"sourceSize":{"w":579,"h":763}},{"filename":"Walk 4","frame":{"x":1680,"y":0,"w":579,"h":763},"rotated":false,"trimmed":false,"spriteSourceSize":{"x":0,"y":0,"w":579,"h":763},"sourceSize":{"w":579,"h":763}},{"filename":"Walk 5","frame":{"x":1567,"y":3886,"w":579,"h":763},"rotated":false,"trimmed":false,"spriteSourceSize":{"x":0,"y":0,"w":579,"h":763},"sourceSize":{"w":579,"h":763}},{"filename":"Walk 6","frame":{"x":580,"y":1528,"w":579,"h":763},"rotated":false,"trimmed":false,"spriteSourceSize":{"x":0,"y":0,"w":579,"h":763},"sourceSize":{"w":579,"h":763}},{"filename":"Walk 7","frame":{"x":2260,"y":764,"w":579,"h":763},"rotated":false,"trimmed":false,"spriteSourceSize":{"x":0,"y":0,"w":579,"h":763},"sourceSize":{"w":579,"h":763}},{"filename":"Walk 8","frame":{"x":2260,"y":1528,"w":579,"h":763},"rotated":false,"trimmed":false,"spriteSourceSize":{"x":0,"y":0,"w":579,"h":763},"sourceSize":{"w":579,"h":763}},{"filename":"Walk 9","frame":{"x":0,"y":0,"w":579,"h":763},"rotated":false,"trimmed":false,"spriteSourceSize":{"x":0,"y":0,"w":579,"h":763},"sourceSize":{"w":579,"h":763}},{"filename":"Walk 10","frame":{"x":2840,"y":1528,"w":579,"h":763},"rotated":false,"trimmed":false,"spriteSourceSize":{"x":0,"y":0,"w":579,"h":763},"sourceSize":{"w":579,"h":763}}],"meta":{"app":"https://www.leshylabs.com/apps/sstool/","version":"Leshy SpriteSheet Tool v0.8.4","image":"spritesheet.png","size":{"w":5566,"h":5479},"scale":1}}