{"frames":[{"filename":"Attack 2","frame":{"x":5418,"y":0,"w":587,"h":707},"rotated":false,"trimmed":false,"spriteSourceSize":{"x":0,"y":0,"w":587,"h":707},"sourceSize":{"w":587,"h":707}},{"filename":"Attack 3","frame":{"x":1176,"y":5088,"w":587,"h":707},"rotated":false,"trimmed":false,"spriteSourceSize":{"x":0,"y":0,"w":587,"h":707},"sourceSize":{"w":587,"h":707}},{"filename":"Attack 4","frame":{"x":588,"y":708,"w":587,"h":707},"rotated":false,"trimmed":false,"spriteSourceSize":{"x":0,"y":0,"w":587,"h":707},"sourceSize":{"w":587,"h":707}},{"filename":"Attack 5","frame":{"x":1533,"y":2832,"w":587,"h":707},"rotated":false,"trimmed":false,"spriteSourceSize":{"x":0,"y":0,"w":587,"h":707},"sourceSize":{"w":587,"h":707}},{"filename":"Attack 6","frame":{"x":5418,"y":708,"w":587,"h":707},"rotated":false,"trimmed":false,"spriteSourceSize":{"x":0,"y":0,"w":587,"h":707},"sourceSize":{"w":587,"h":707}},{"filename":"Attack 7","frame":{"x":2709,"y":4336,"w":587,"h":707},"rotated":false,"trimmed":false,"spriteSourceSize":{"x":0,"y":0,"w":587,"h":707},"sourceSize":{"w":587,"h":707}},{"filename":"Attack 8","frame":{"x":4473,"y":4380,"w":587,"h":707},"rotated":false,"trimmed":false,"spriteSourceSize":{"x":0,"y":0,"w":587,"h":707},"sourceSize":{"w":587,"h":707}},{"filename":"Attack 9","frame":{"x":588,"y":1416,"w":587,"h":707},"rotated":false,"trimmed":false,"spriteSourceSize":{"x":0,"y":0,"w":587,"h":707},"sourceSize":{"w":587,"h":707}},{"filename":"Attack 10","frame":{"x":945,"y":3584,"w":587,"h":707},"rotated":false,"trimmed":false,"spriteSourceSize":{"x":0,"y":0,"w":587,"h":707},"sourceSize":{"w":587,"h":707}},{"filename":"Dead 1","frame":{"x":0,"y":3584,"w":944,"h":751},"rotated":false,"trimmed":false,"spriteSourceSize":{"x":0,"y":0,"w":944,"h":751},"sourceSize":{"w":944,"h":751}},{"filename":"Dead 2","frame":{"x":4473,"y":1504,"w":944,"h":751},"rotated":false,"trimmed":false,"spriteSourceSize":{"x":0,"y":0,"w":944,"h":751},"sourceSize":{"w":944,"h":751}},{"filename":"Dead 3","frame":{"x":3528,"y":0,"w":944,"h":751},"rotated":false,"trimmed":false,"spriteSourceSize":{"x":0,"y":0,"w":944,"h":751},"sourceSize":{"w":944,"h":751}},{"filename":"Dead 4","frame":{"x":4473,"y":0,"w":944,"h":751},"rotated":false,"trimmed":false,"spriteSourceSize":{"x":0,"y":0,"w":944,"h":751},"sourceSize":{"w":944,"h":751}},{"filename":"Dead 5","frame":{"x":0,"y":2832,"w":944,"h":751},"rotated":false,"trimmed":false,"spriteSourceSize":{"x":0,"y":0,"w":944,"h":751},"sourceSize":{"w":944,"h":751}},{"filename":"Dead 6","frame":{"x":3528,"y":752,"w":944,"h":751},"rotated":false,"trimmed":false,"spriteSourceSize":{"x":0,"y":0,"w":944,"h":751},"sourceSize":{"w":944,"h":751}},{"filename":"Dead 7","frame":{"x":0,"y":4336,"w":944,"h":751},"rotated":false,"trimmed":false,"spriteSourceSize":{"x":0,"y":0,"w":944,"h":751},"sourceSize":{"w":944,"h":751}},{"filename":"Dead 8","frame":{"x":4473,"y":752,"w":944,"h":751},"rotated":false,"trimmed":false,"spriteSourceSize":{"x":0,"y":0,"w":944,"h":751},"sourceSize":{"w":944,"h":751}},{"filename":"Dead 9","frame":{"x":3528,"y":2964,"w":944,"h":751},"rotated":false,"trimmed":false,"spriteSourceSize":{"x":0,"y":0,"w":944,"h":751},"sourceSize":{"w":944,"h":751}},{"filename":"Dead 10","frame":{"x":3528,"y":1504,"w":944,"h":751},"rotated":false,"trimmed":false,"spriteSourceSize":{"x":0,"y":0,"w":944,"h":751},"sourceSize":{"w":944,"h":751}},{"filename":"Idle 1","frame":{"x":2709,"y":2832,"w":587,"h":707},"rotated":false,"trimmed":false,"spriteSourceSize":{"x":0,"y":0,"w":587,"h":707},"sourceSize":{"w":587,"h":707}},{"filename":"Idle 2","frame":{"x":2352,"y":2124,"w":587,"h":707},"rotated":false,"trimmed":false,"spriteSourceSize":{"x":0,"y":0,"w":587,"h":707},"sourceSize":{"w":587,"h":707}},{"filename":"Idle 3","frame":{"x":1764,"y":2124,"w":587,"h":707},"rotated":false,"trimmed":false,"spriteSourceSize":{"x":0,"y":0,"w":587,"h":707},"sourceSize":{"w":587,"h":707}},{"filename":"Idle 4","frame":{"x":4704,"y":5088,"w":587,"h":707},"rotated":false,"trimmed":false,"spriteSourceSize":{"x":0,"y":0,"w":587,"h":707},"sourceSize":{"w":587,"h":707}},{"filename":"Idle 5","frame":{"x":2940,"y":5088,"w":587,"h":707},"rotated":false,"trimmed":false,"spriteSourceSize":{"x":0,"y":0,"w":587,"h":707},"sourceSize":{"w":587,"h":707}},{"filename":"Idle 6","frame":{"x":1764,"y":1416,"w":587,"h":707},"rotated":false,"trimmed":false,"spriteSourceSize":{"x":0,"y":0,"w":587,"h":707},"sourceSize":{"w":587,"h":707}},{"filename":"Idle 7","frame":{"x":2352,"y":5088,"w":587,"h":707},"rotated":false,"trimmed":false,"spriteSourceSize":{"x":0,"y":0,"w":587,"h":707},"sourceSize":{"w":587,"h":707}},{"filename":"Idle 8","frame":{"x":5418,"y":4248,"w":587,"h":707},"rotated":false,"trimmed":false,"spriteSourceSize":{"x":0,"y":0,"w":587,"h":707},"sourceSize":{"w":587,"h":707}},{"filename":"Idle 9","frame":{"x":2940,"y":0,"w":587,"h":707},"rotated":false,"trimmed":false,"spriteSourceSize":{"x":0,"y":0,"w":587,"h":707},"sourceSize":{"w":587,"h":707}},{"filename":"Idle 10","frame":{"x":0,"y":2124,"w":587,"h":707},"rotated":false,"trimmed":false,"spriteSourceSize":{"x":0,"y":0,"w":587,"h":707},"sourceSize":{"w":587,"h":707}},{"filename":"Jump 1","frame":{"x":0,"y":0,"w":587,"h":707},"rotated":false,"trimmed":false,"spriteSourceSize":{"x":0,"y":0,"w":587,"h":707},"sourceSize":{"w":587,"h":707}},{"filename":"Jump 2","frame":{"x":1764,"y":708,"w":587,"h":707},"rotated":false,"trimmed":false,"spriteSourceSize":{"x":0,"y":0,"w":587,"h":707},"sourceSize":{"w":587,"h":707}},{"filename":"Jump 3","frame":{"x":945,"y":4336,"w":587,"h":707},"rotated":false,"trimmed":false,"spriteSourceSize":{"x":0,"y":0,"w":587,"h":707},"sourceSize":{"w":587,"h":707}},{"filename":"Jump 4","frame":{"x":588,"y":5088,"w":587,"h":707},"rotated":false,"trimmed":false,"spriteSourceSize":{"x":0,"y":0,"w":587,"h":707},"sourceSize":{"w":587,"h":707}},{"filename":"Jump 5","frame":{"x":3528,"y":2256,"w":587,"h":707},"rotated":false,"trimmed":false,"spriteSourceSize":{"x":0,"y":0,"w":587,"h":707},"sourceSize":{"w":587,"h":707}},{"filename":"Jump 6","frame":{"x":2121,"y":4336,"w":587,"h":707},"rotated":false,"trimmed":false,"spriteSourceSize":{"x":0,"y":0,"w":587,"h":707},"sourceSize":{"w":587,"h":707}},{"filename":"Jump 7","frame":{"x":2121,"y":2832,"w":587,"h":707},"rotated":false,"trimmed":false,"spriteSourceSize":{"x":0,"y":0,"w":587,"h":707},"sourceSize":{"w":587,"h":707}},{"filename":"Jump 8","frame":{"x":1176,"y":708,"w":587,"h":707},"rotated":false,"trimmed":false,"spriteSourceSize":{"x":0,"y":0,"w":587,"h":707},"sourceSize":{"w":587,"h":707}},{"filename":"Jump 9","frame":{"x":2940,"y":1416,"w":587,"h":707},"rotated":false,"trimmed":false,"spriteSourceSize":{"x":0,"y":0,"w":587,"h":707},"sourceSize":{"w":587,"h":707}},{"filename":"Jump 10","frame":{"x":4116,"y":5088,"w":587,"h":707},"rotated":false,"trimmed":false,"spriteSourceSize":{"x":0,"y":0,"w":587,"h":707},"sourceSize":{"w":587,"h":707}},{"filename":"JumpAttack 1","frame":{"x":945,"y":2832,"w":587,"h":707},"rotated":false,"trimmed":false,"spriteSourceSize":{"x":0,"y":0,"w":587,"h":707},"sourceSize":{"w":587,"h":707}},{"filename":"JumpAttack 2","frame":{"x":2352,"y":708,"w":587,"h":707},"rotated":false,"trimmed":false,"spriteSourceSize":{"x":0,"y":0,"w":587,"h":707},"sourceSize":{"w":587,"h":707}},{"filename":"JumpAttack 3","frame":{"x":588,"y":0,"w":587,"h":707},"rotated":false,"trimmed":false,"spriteSourceSize":{"x":0,"y":0,"w":587,"h":707},"sourceSize":{"w":587,"h":707}},{"filename":"JumpAttack 4","frame":{"x":2121,"y":3584,"w":587,"h":707},"rotated":false,"trimmed":false,"spriteSourceSize":{"x":0,"y":0,"w":587,"h":707},"sourceSize":{"w":587,"h":707}},{"filename":"JumpAttack 5","frame":{"x":588,"y":2124,"w":587,"h":707},"rotated":false,"trimmed":false,"spriteSourceSize":{"x":0,"y":0,"w":587,"h":707},"sourceSize":{"w":587,"h":707}},{"filename":"JumpAttack 6","frame":{"x":1176,"y":2124,"w":587,"h":707},"rotated":false,"trimmed":false,"spriteSourceSize":{"x":0,"y":0,"w":587,"h":707},"sourceSize":{"w":587,"h":707}},{"filename":"JumpAttack 7","frame":{"x":4473,"y":2964,"w":587,"h":707},"rotated":false,"trimmed":false,"spriteSourceSize":{"x":0,"y":0,"w":587,"h":707},"sourceSize":{"w":587,"h":707}},{"filename":"JumpAttack 8","frame":{"x":2709,"y":3584,"w":587,"h":707},"rotated":false,"trimmed":false,"spriteSourceSize":{"x":0,"y":0,"w":587,"h":707},"sourceSize":{"w":587,"h":707}},{"filename":"JumpAttack 9","frame":{"x":2352,"y":0,"w":587,"h":707},"rotated":false,"trimmed":false,"spriteSourceSize":{"x":0,"y":0,"w":587,"h":707},"sourceSize":{"w":587,"h":707}},{"filename":"JumpAttack 10","frame":{"x":0,"y":5088,"w":587,"h":707},"rotated":false,"trimmed":false,"spriteSourceSize":{"x":0,"y":0,"w":587,"h":707},"sourceSize":{"w":587,"h":707}},{"filename":"Run 1","frame":{"x":2940,"y":2124,"w":587,"h":707},"rotated":false,"trimmed":false,"spriteSourceSize":{"x":0,"y":0,"w":587,"h":707},"sourceSize":{"w":587,"h":707}},{"filename":"Run 2","frame":{"x":4473,"y":3672,"w":587,"h":707},"rotated":false,"trimmed":false,"spriteSourceSize":{"x":0,"y":0,"w":587,"h":707},"sourceSize":{"w":587,"h":707}},{"filename":"Run 3","frame":{"x":1176,"y":1416,"w":587,"h":707},"rotated":false,"trimmed":false,"spriteSourceSize":{"x":0,"y":0,"w":587,"h":707},"sourceSize":{"w":587,"h":707}},{"filename":"Run 4","frame":{"x":0,"y":1416,"w":587,"h":707},"rotated":false,"trimmed":false,"spriteSourceSize":{"x":0,"y":0,"w":587,"h":707},"sourceSize":{"w":587,"h":707}},{"filename":"Run 5","frame":{"x":2940,"y":708,"w":587,"h":707},"rotated":false,"trimmed":false,"spriteSourceSize":{"x":0,"y":0,"w":587,"h":707},"sourceSize":{"w":587,"h":707}},{"filename":"Run 6","frame":{"x":1764,"y":5088,"w":587,"h":707},"rotated":false,"trimmed":false,"spriteSourceSize":{"x":0,"y":0,"w":587,"h":707},"sourceSize":{"w":587,"h":707}},{"filename":"Run 7","frame":{"x":3885,"y":4336,"w":587,"h":707},"rotated":false,"trimmed":false,"spriteSourceSize":{"x":0,"y":0,"w":587,"h":707},"sourceSize":{"w":587,"h":707}},{"filename":"Run 8","frame":{"x":5418,"y":4956,"w":587,"h":707},"rotated":false,"trimmed":false,"spriteSourceSize":{"x":0,"y":0,"w":587,"h":707},"sourceSize":{"w":587,"h":707}},{"filename":"Run 9","frame":{"x":4473,"y":2256,"w":587,"h":707},"rotated":false,"trimmed":false,"spriteSourceSize":{"x":0,"y":0,"w":587,"h":707},"sourceSize":{"w":587,"h":707}},{"filename":"Run 10","frame":{"x":5418,"y":1416,"w":587,"h":707},"rotated":false,"trimmed":false,"spriteSourceSize":{"x":0,"y":0,"w":587,"h":707},"sourceSize":{"w":587,"h":707}},{"filename":"Walk 1","frame":{"x":5418,"y":3540,"w":587,"h":707},"rotated":false,"trimmed":false,"spriteSourceSize":{"x":0,"y":0,"w":587,"h":707},"sourceSize":{"w":587,"h":707}},{"filename":"Walk 2","frame":{"x":1533,"y":3584,"w":587,"h":707},"rotated":false,"trimmed":false,"spriteSourceSize":{"x":0,"y":0,"w":587,"h":707},"sourceSize":{"w":587,"h":707}},{"filename":"Walk 3","frame":{"x":5418,"y":2124,"w":587,"h":707},"rotated":false,"trimmed":false,"spriteSourceSize":{"x":0,"y":0,"w":587,"h":707},"sourceSize":{"w":587,"h":707}},{"filename":"Walk 4","frame":{"x":0,"y":708,"w":587,"h":707},"rotated":false,"trimmed":false,"spriteSourceSize":{"x":0,"y":0,"w":587,"h":707},"sourceSize":{"w":587,"h":707}},{"filename":"Walk 5","frame":{"x":1176,"y":0,"w":587,"h":707},"rotated":false,"trimmed":false,"spriteSourceSize":{"x":0,"y":0,"w":587,"h":707},"sourceSize":{"w":587,"h":707}},{"filename":"Walk 6","frame":{"x":2352,"y":1416,"w":587,"h":707},"rotated":false,"trimmed":false,"spriteSourceSize":{"x":0,"y":0,"w":587,"h":707},"sourceSize":{"w":587,"h":707}},{"filename":"Walk 7","frame":{"x":3528,"y":5088,"w":587,"h":707},"rotated":false,"trimmed":false,"spriteSourceSize":{"x":0,"y":0,"w":587,"h":707},"sourceSize":{"w":587,"h":707}},{"filename":"Walk 8","frame":{"x":3297,"y":4336,"w":587,"h":707},"rotated":false,"trimmed":false,"spriteSourceSize":{"x":0,"y":0,"w":587,"h":707},"sourceSize":{"w":587,"h":707}},{"filename":"Walk 9","frame":{"x":5418,"y":2832,"w":587,"h":707},"rotated":false,"trimmed":false,"spriteSourceSize":{"x":0,"y":0,"w":587,"h":707},"sourceSize":{"w":587,"h":707}},{"filename":"Walk 10","frame":{"x":1533,"y":4336,"w":587,"h":707},"rotated":false,"trimmed":false,"spriteSourceSize":{"x":0,"y":0,"w":587,"h":707},"sourceSize":{"w":587,"h":707}},{"filename":"Attack 1","frame":{"x":1764,"y":0,"w":587,"h":707},"rotated":false,"trimmed":false,"spriteSourceSize":{"x":0,"y":0,"w":587,"h":707},"sourceSize":{"w":587,"h":707}}],"meta":{"app":"https://www.leshylabs.com/apps/sstool/","version":"Leshy SpriteSheet Tool v0.8.4","image":"kngiht.png","size":{"w":6005,"h":5795},"scale":1}}