{"frames":[{"filename":"Dead 8","frame":{"x":0,"y":2772,"w":605,"h":604},"rotated":false,"trimmed":false,"spriteSourceSize":{"x":0,"y":0,"w":605,"h":604},"sourceSize":{"w":605,"h":604}},{"filename":"Dead 9","frame":{"x":0,"y":1084,"w":605,"h":604},"rotated":false,"trimmed":false,"spriteSourceSize":{"x":0,"y":0,"w":605,"h":604},"sourceSize":{"w":605,"h":604}},{"filename":"Dead 10","frame":{"x":1923,"y":1626,"w":605,"h":604},"rotated":false,"trimmed":false,"spriteSourceSize":{"x":0,"y":0,"w":605,"h":604},"sourceSize":{"w":605,"h":604}},{"filename":"Idle 1","frame":{"x":1923,"y":2230,"w":641,"h":542},"rotated":false,"trimmed":false,"spriteSourceSize":{"x":0,"y":0,"w":641,"h":542},"sourceSize":{"w":641,"h":542}},{"filename":"Idle 2","frame":{"x":0,"y":2230,"w":641,"h":542},"rotated":false,"trimmed":false,"spriteSourceSize":{"x":0,"y":0,"w":641,"h":542},"sourceSize":{"w":641,"h":542}},{"filename":"Idle 3","frame":{"x":1282,"y":3376,"w":641,"h":542},"rotated":false,"trimmed":false,"spriteSourceSize":{"x":0,"y":0,"w":641,"h":542},"sourceSize":{"w":641,"h":542}},{"filename":"Idle 4","frame":{"x":641,"y":2230,"w":641,"h":542},"rotated":false,"trimmed":false,"spriteSourceSize":{"x":0,"y":0,"w":641,"h":542},"sourceSize":{"w":641,"h":542}},{"filename":"Idle 5","frame":{"x":2564,"y":1084,"w":641,"h":542},"rotated":false,"trimmed":false,"spriteSourceSize":{"x":0,"y":0,"w":641,"h":542},"sourceSize":{"w":641,"h":542}},{"filename":"Idle 6","frame":{"x":3205,"y":0,"w":641,"h":542},"rotated":false,"trimmed":false,"spriteSourceSize":{"x":0,"y":0,"w":641,"h":542},"sourceSize":{"w":641,"h":542}},{"filename":"Idle 7","frame":{"x":2564,"y":0,"w":641,"h":542},"rotated":false,"trimmed":false,"spriteSourceSize":{"x":0,"y":0,"w":641,"h":542},"sourceSize":{"w":641,"h":542}},{"filename":"Idle 8","frame":{"x":3846,"y":3314,"w":641,"h":542},"rotated":false,"trimmed":false,"spriteSourceSize":{"x":0,"y":0,"w":641,"h":542},"sourceSize":{"w":641,"h":542}},{"filename":"Idle 9","frame":{"x":641,"y":3918,"w":641,"h":542},"rotated":false,"trimmed":false,"spriteSourceSize":{"x":0,"y":0,"w":641,"h":542},"sourceSize":{"w":641,"h":542}},{"filename":"Idle 10","frame":{"x":1282,"y":1688,"w":641,"h":542},"rotated":false,"trimmed":false,"spriteSourceSize":{"x":0,"y":0,"w":641,"h":542},"sourceSize":{"w":641,"h":542}},{"filename":"Jump 1","frame":{"x":641,"y":542,"w":641,"h":542},"rotated":false,"trimmed":false,"spriteSourceSize":{"x":0,"y":0,"w":641,"h":542},"sourceSize":{"w":641,"h":542}},{"filename":"Jump 2","frame":{"x":1923,"y":1084,"w":641,"h":542},"rotated":false,"trimmed":false,"spriteSourceSize":{"x":0,"y":0,"w":641,"h":542},"sourceSize":{"w":641,"h":542}},{"filename":"Jump 3","frame":{"x":3846,"y":1688,"w":641,"h":542},"rotated":false,"trimmed":false,"spriteSourceSize":{"x":0,"y":0,"w":641,"h":542},"sourceSize":{"w":641,"h":542}},{"filename":"Jump 4","frame":{"x":1923,"y":3918,"w":641,"h":542},"rotated":false,"trimmed":false,"spriteSourceSize":{"x":0,"y":0,"w":641,"h":542},"sourceSize":{"w":641,"h":542}},{"filename":"Jump 5","frame":{"x":0,"y":542,"w":641,"h":542},"rotated":false,"trimmed":false,"spriteSourceSize":{"x":0,"y":0,"w":641,"h":542},"sourceSize":{"w":641,"h":542}},{"filename":"Jump 6","frame":{"x":3205,"y":1084,"w":641,"h":542},"rotated":false,"trimmed":false,"spriteSourceSize":{"x":0,"y":0,"w":641,"h":542},"sourceSize":{"w":641,"h":542}},{"filename":"Jump 7","frame":{"x":605,"y":1084,"w":641,"h":542},"rotated":false,"trimmed":false,"spriteSourceSize":{"x":0,"y":0,"w":641,"h":542},"sourceSize":{"w":641,"h":542}},{"filename":"Jump 8","frame":{"x":2564,"y":542,"w":641,"h":542},"rotated":false,"trimmed":false,"spriteSourceSize":{"x":0,"y":0,"w":641,"h":542},"sourceSize":{"w":641,"h":542}},{"filename":"Jump 9","frame":{"x":0,"y":1688,"w":641,"h":542},"rotated":false,"trimmed":false,"spriteSourceSize":{"x":0,"y":0,"w":641,"h":542},"sourceSize":{"w":641,"h":542}},{"filename":"Jump 10","frame":{"x":0,"y":3376,"w":641,"h":542},"rotated":false,"trimmed":false,"spriteSourceSize":{"x":0,"y":0,"w":641,"h":542},"sourceSize":{"w":641,"h":542}},{"filename":"Run 1","frame":{"x":641,"y":1688,"w":641,"h":542},"rotated":false,"trimmed":false,"spriteSourceSize":{"x":0,"y":0,"w":641,"h":542},"sourceSize":{"w":641,"h":542}},{"filename":"Run 2","frame":{"x":3846,"y":3856,"w":641,"h":542},"rotated":false,"trimmed":false,"spriteSourceSize":{"x":0,"y":0,"w":641,"h":542},"sourceSize":{"w":641,"h":542}},{"filename":"Run 3","frame":{"x":1815,"y":2772,"w":641,"h":542},"rotated":false,"trimmed":false,"spriteSourceSize":{"x":0,"y":0,"w":641,"h":542},"sourceSize":{"w":641,"h":542}},{"filename":"Run 4","frame":{"x":2564,"y":3376,"w":641,"h":542},"rotated":false,"trimmed":false,"spriteSourceSize":{"x":0,"y":0,"w":641,"h":542},"sourceSize":{"w":641,"h":542}},{"filename":"Run 5","frame":{"x":1923,"y":542,"w":641,"h":542},"rotated":false,"trimmed":false,"spriteSourceSize":{"x":0,"y":0,"w":641,"h":542},"sourceSize":{"w":641,"h":542}},{"filename":"Run 6","frame":{"x":1282,"y":3918,"w":641,"h":542},"rotated":false,"trimmed":false,"spriteSourceSize":{"x":0,"y":0,"w":641,"h":542},"sourceSize":{"w":641,"h":542}},{"filename":"Run 7","frame":{"x":3205,"y":3376,"w":641,"h":542},"rotated":false,"trimmed":false,"spriteSourceSize":{"x":0,"y":0,"w":641,"h":542},"sourceSize":{"w":641,"h":542}},{"filename":"Run 8","frame":{"x":3846,"y":2230,"w":641,"h":542},"rotated":false,"trimmed":false,"spriteSourceSize":{"x":0,"y":0,"w":641,"h":542},"sourceSize":{"w":641,"h":542}},{"filename":"Shoot 1","frame":{"x":3846,"y":1146,"w":641,"h":542},"rotated":false,"trimmed":false,"spriteSourceSize":{"x":0,"y":0,"w":641,"h":542},"sourceSize":{"w":641,"h":542}},{"filename":"Shoot 2","frame":{"x":1282,"y":2230,"w":641,"h":542},"rotated":false,"trimmed":false,"spriteSourceSize":{"x":0,"y":0,"w":641,"h":542},"sourceSize":{"w":641,"h":542}},{"filename":"Shoot 3","frame":{"x":0,"y":0,"w":641,"h":542},"rotated":false,"trimmed":false,"spriteSourceSize":{"x":0,"y":0,"w":641,"h":542},"sourceSize":{"w":641,"h":542}},{"filename":"Slide 1","frame":{"x":2456,"y":2772,"w":641,"h":542},"rotated":false,"trimmed":false,"spriteSourceSize":{"x":0,"y":0,"w":641,"h":542},"sourceSize":{"w":641,"h":542}},{"filename":"Slide 2","frame":{"x":3205,"y":542,"w":641,"h":542},"rotated":false,"trimmed":false,"spriteSourceSize":{"x":0,"y":0,"w":641,"h":542},"sourceSize":{"w":641,"h":542}},{"filename":"Slide 3","frame":{"x":1923,"y":0,"w":641,"h":542},"rotated":false,"trimmed":false,"spriteSourceSize":{"x":0,"y":0,"w":641,"h":542},"sourceSize":{"w":641,"h":542}},{"filename":"Slide 4","frame":{"x":641,"y":0,"w":641,"h":542},"rotated":false,"trimmed":false,"spriteSourceSize":{"x":0,"y":0,"w":641,"h":542},"sourceSize":{"w":641,"h":542}},{"filename":"Slide 5","frame":{"x":2564,"y":1626,"w":641,"h":542},"rotated":false,"trimmed":false,"spriteSourceSize":{"x":0,"y":0,"w":641,"h":542},"sourceSize":{"w":641,"h":542}},{"filename":"Attack 1","frame":{"x":3205,"y":3918,"w":641,"h":542},"rotated":false,"trimmed":false,"spriteSourceSize":{"x":0,"y":0,"w":641,"h":542},"sourceSize":{"w":641,"h":542}},{"filename":"Attack 2","frame":{"x":2564,"y":3918,"w":641,"h":542},"rotated":false,"trimmed":false,"spriteSourceSize":{"x":0,"y":0,"w":641,"h":542},"sourceSize":{"w":641,"h":542}},{"filename":"Attack 3","frame":{"x":3846,"y":0,"w":641,"h":542},"rotated":false,"trimmed":false,"spriteSourceSize":{"x":0,"y":0,"w":641,"h":542},"sourceSize":{"w":641,"h":542}},{"filename":"Attack 4","frame":{"x":1282,"y":542,"w":641,"h":542},"rotated":false,"trimmed":false,"spriteSourceSize":{"x":0,"y":0,"w":641,"h":542},"sourceSize":{"w":641,"h":542}},{"filename":"Attack 5","frame":{"x":3205,"y":2230,"w":641,"h":542},"rotated":false,"trimmed":false,"spriteSourceSize":{"x":0,"y":0,"w":641,"h":542},"sourceSize":{"w":641,"h":542}},{"filename":"Attack 6","frame":{"x":1923,"y":3376,"w":641,"h":542},"rotated":false,"trimmed":false,"spriteSourceSize":{"x":0,"y":0,"w":641,"h":542},"sourceSize":{"w":641,"h":542}},{"filename":"Attack 7","frame":{"x":0,"y":3918,"w":641,"h":542},"rotated":false,"trimmed":false,"spriteSourceSize":{"x":0,"y":0,"w":641,"h":542},"sourceSize":{"w":641,"h":542}},{"filename":"Attack 8","frame":{"x":641,"y":3376,"w":641,"h":542},"rotated":false,"trimmed":false,"spriteSourceSize":{"x":0,"y":0,"w":641,"h":542},"sourceSize":{"w":641,"h":542}},{"filename":"Attack 9","frame":{"x":1282,"y":0,"w":641,"h":542},"rotated":false,"trimmed":false,"spriteSourceSize":{"x":0,"y":0,"w":641,"h":542},"sourceSize":{"w":641,"h":542}},{"filename":"Attack 10","frame":{"x":3846,"y":2772,"w":641,"h":542},"rotated":false,"trimmed":false,"spriteSourceSize":{"x":0,"y":0,"w":641,"h":542},"sourceSize":{"w":641,"h":542}},{"filename":"Dead 1","frame":{"x":3205,"y":2772,"w":605,"h":604},"rotated":false,"trimmed":false,"spriteSourceSize":{"x":0,"y":0,"w":605,"h":604},"sourceSize":{"w":605,"h":604}},{"filename":"Dead 2","frame":{"x":1282,"y":1084,"w":605,"h":604},"rotated":false,"trimmed":false,"spriteSourceSize":{"x":0,"y":0,"w":605,"h":604},"sourceSize":{"w":605,"h":604}},{"filename":"Dead 3","frame":{"x":2564,"y":2168,"w":605,"h":604},"rotated":false,"trimmed":false,"spriteSourceSize":{"x":0,"y":0,"w":605,"h":604},"sourceSize":{"w":605,"h":604}},{"filename":"Dead 4","frame":{"x":605,"y":2772,"w":605,"h":604},"rotated":false,"trimmed":false,"spriteSourceSize":{"x":0,"y":0,"w":605,"h":604},"sourceSize":{"w":605,"h":604}},{"filename":"Dead 5","frame":{"x":3205,"y":1626,"w":605,"h":604},"rotated":false,"trimmed":false,"spriteSourceSize":{"x":0,"y":0,"w":605,"h":604},"sourceSize":{"w":605,"h":604}},{"filename":"Dead 6","frame":{"x":1210,"y":2772,"w":605,"h":604},"rotated":false,"trimmed":false,"spriteSourceSize":{"x":0,"y":0,"w":605,"h":604},"sourceSize":{"w":605,"h":604}},{"filename":"Dead 7","frame":{"x":3846,"y":542,"w":605,"h":604},"rotated":false,"trimmed":false,"spriteSourceSize":{"x":0,"y":0,"w":605,"h":604},"sourceSize":{"w":605,"h":604}}],"meta":{"app":"https://www.leshylabs.com/apps/sstool/","version":"Leshy SpriteSheet Tool v0.8.4","image":"cowgirl.png","size":{"w":4487,"h":4460},"scale":1}}