{"frames":[{"filename":"Attack 1","frame":{"x":0,"y":2068,"w":536,"h":495},"rotated":false,"trimmed":false,"spriteSourceSize":{"x":0,"y":0,"w":536,"h":495},"sourceSize":{"w":536,"h":495}},{"filename":"Attack 2","frame":{"x":537,"y":2068,"w":536,"h":495},"rotated":false,"trimmed":false,"spriteSourceSize":{"x":0,"y":0,"w":536,"h":495},"sourceSize":{"w":536,"h":495}},{"filename":"Attack 3","frame":{"x":1074,"y":2068,"w":536,"h":495},"rotated":false,"trimmed":false,"spriteSourceSize":{"x":0,"y":0,"w":536,"h":495},"sourceSize":{"w":536,"h":495}},{"filename":"Attack 4","frame":{"x":1611,"y":2068,"w":536,"h":495},"rotated":false,"trimmed":false,"spriteSourceSize":{"x":0,"y":0,"w":536,"h":495},"sourceSize":{"w":536,"h":495}},{"filename":"Attack 5","frame":{"x":2503,"y":0,"w":536,"h":495},"rotated":false,"trimmed":false,"spriteSourceSize":{"x":0,"y":0,"w":536,"h":495},"sourceSize":{"w":536,"h":495}},{"filename":"Attack 6","frame":{"x":2503,"y":496,"w":536,"h":495},"rotated":false,"trimmed":false,"spriteSourceSize":{"x":0,"y":0,"w":536,"h":495},"sourceSize":{"w":536,"h":495}},{"filename":"Attack 7","frame":{"x":2503,"y":992,"w":536,"h":495},"rotated":false,"trimmed":false,"spriteSourceSize":{"x":0,"y":0,"w":536,"h":495},"sourceSize":{"w":536,"h":495}},{"filename":"Attack 8","frame":{"x":2503,"y":1488,"w":536,"h":495},"rotated":false,"trimmed":false,"spriteSourceSize":{"x":0,"y":0,"w":536,"h":495},"sourceSize":{"w":536,"h":495}},{"filename":"Attack 9","frame":{"x":2503,"y":1984,"w":536,"h":495},"rotated":false,"trimmed":false,"spriteSourceSize":{"x":0,"y":0,"w":536,"h":495},"sourceSize":{"w":536,"h":495}},{"filename":"Attack 10","frame":{"x":0,"y":2564,"w":536,"h":495},"rotated":false,"trimmed":false,"spriteSourceSize":{"x":0,"y":0,"w":536,"h":495},"sourceSize":{"w":536,"h":495}},{"filename":"Dead 1","frame":{"x":1515,"y":523,"w":482,"h":498},"rotated":false,"trimmed":false,"spriteSourceSize":{"x":0,"y":0,"w":482,"h":498},"sourceSize":{"w":482,"h":498}},{"filename":"Dead 2","frame":{"x":1515,"y":1022,"w":482,"h":498},"rotated":false,"trimmed":false,"spriteSourceSize":{"x":0,"y":0,"w":482,"h":498},"sourceSize":{"w":482,"h":498}},{"filename":"Dead 3","frame":{"x":0,"y":1569,"w":482,"h":498},"rotated":false,"trimmed":false,"spriteSourceSize":{"x":0,"y":0,"w":482,"h":498},"sourceSize":{"w":482,"h":498}},{"filename":"Dead 4","frame":{"x":483,"y":1569,"w":482,"h":498},"rotated":false,"trimmed":false,"spriteSourceSize":{"x":0,"y":0,"w":482,"h":498},"sourceSize":{"w":482,"h":498}},{"filename":"Dead 5","frame":{"x":966,"y":1569,"w":482,"h":498},"rotated":false,"trimmed":false,"spriteSourceSize":{"x":0,"y":0,"w":482,"h":498},"sourceSize":{"w":482,"h":498}},{"filename":"Dead 6","frame":{"x":1449,"y":1569,"w":482,"h":498},"rotated":false,"trimmed":false,"spriteSourceSize":{"x":0,"y":0,"w":482,"h":498},"sourceSize":{"w":482,"h":498}},{"filename":"Dead 7","frame":{"x":2020,"y":0,"w":482,"h":498},"rotated":false,"trimmed":false,"spriteSourceSize":{"x":0,"y":0,"w":482,"h":498},"sourceSize":{"w":482,"h":498}},{"filename":"Dead 8","frame":{"x":2020,"y":499,"w":482,"h":498},"rotated":false,"trimmed":false,"spriteSourceSize":{"x":0,"y":0,"w":482,"h":498},"sourceSize":{"w":482,"h":498}},{"filename":"Dead 9","frame":{"x":2020,"y":998,"w":482,"h":498},"rotated":false,"trimmed":false,"spriteSourceSize":{"x":0,"y":0,"w":482,"h":498},"sourceSize":{"w":482,"h":498}},{"filename":"Dead 10","frame":{"x":2020,"y":1497,"w":482,"h":498},"rotated":false,"trimmed":false,"spriteSourceSize":{"x":0,"y":0,"w":482,"h":498},"sourceSize":{"w":482,"h":498}},{"filename":"Idle 1","frame":{"x":3402,"y":3519,"w":232,"h":439},"rotated":false,"trimmed":false,"spriteSourceSize":{"x":0,"y":0,"w":232,"h":439},"sourceSize":{"w":232,"h":439}},{"filename":"Idle 2","frame":{"x":2715,"y":2564,"w":232,"h":439},"rotated":false,"trimmed":false,"spriteSourceSize":{"x":0,"y":0,"w":232,"h":439},"sourceSize":{"w":232,"h":439}},{"filename":"Idle 10","frame":{"x":2148,"y":2068,"w":232,"h":439},"rotated":false,"trimmed":false,"spriteSourceSize":{"x":0,"y":0,"w":232,"h":439},"sourceSize":{"w":232,"h":439}},{"filename":"Idle 3","frame":{"x":3040,"y":1936,"w":232,"h":439},"rotated":false,"trimmed":false,"spriteSourceSize":{"x":0,"y":0,"w":232,"h":439},"sourceSize":{"w":232,"h":439}},{"filename":"Idle 9","frame":{"x":3040,"y":2376,"w":232,"h":439},"rotated":false,"trimmed":false,"spriteSourceSize":{"x":0,"y":0,"w":232,"h":439},"sourceSize":{"w":232,"h":439}},{"filename":"Idle 4","frame":{"x":3403,"y":459,"w":232,"h":439},"rotated":false,"trimmed":false,"spriteSourceSize":{"x":0,"y":0,"w":232,"h":439},"sourceSize":{"w":232,"h":439}},{"filename":"Idle 8","frame":{"x":3403,"y":899,"w":232,"h":439},"rotated":false,"trimmed":false,"spriteSourceSize":{"x":0,"y":0,"w":232,"h":439},"sourceSize":{"w":232,"h":439}},{"filename":"Idle 5","frame":{"x":3403,"y":1339,"w":232,"h":439},"rotated":false,"trimmed":false,"spriteSourceSize":{"x":0,"y":0,"w":232,"h":439},"sourceSize":{"w":232,"h":439}},{"filename":"Idle 7","frame":{"x":3403,"y":1779,"w":232,"h":439},"rotated":false,"trimmed":false,"spriteSourceSize":{"x":0,"y":0,"w":232,"h":439},"sourceSize":{"w":232,"h":439}},{"filename":"Idle 6","frame":{"x":3403,"y":2219,"w":232,"h":439},"rotated":false,"trimmed":false,"spriteSourceSize":{"x":0,"y":0,"w":232,"h":439},"sourceSize":{"w":232,"h":439}},{"filename":"Jump 1","frame":{"x":537,"y":2564,"w":362,"h":483},"rotated":false,"trimmed":false,"spriteSourceSize":{"x":0,"y":0,"w":362,"h":483},"sourceSize":{"w":362,"h":483}},{"filename":"Jump 2","frame":{"x":900,"y":2564,"w":362,"h":483},"rotated":false,"trimmed":false,"spriteSourceSize":{"x":0,"y":0,"w":362,"h":483},"sourceSize":{"w":362,"h":483}},{"filename":"Jump 3","frame":{"x":1263,"y":2564,"w":362,"h":483},"rotated":false,"trimmed":false,"spriteSourceSize":{"x":0,"y":0,"w":362,"h":483},"sourceSize":{"w":362,"h":483}},{"filename":"Jump 4","frame":{"x":1626,"y":2564,"w":362,"h":483},"rotated":false,"trimmed":false,"spriteSourceSize":{"x":0,"y":0,"w":362,"h":483},"sourceSize":{"w":362,"h":483}},{"filename":"Jump 5","frame":{"x":1989,"y":2564,"w":362,"h":483},"rotated":false,"trimmed":false,"spriteSourceSize":{"x":0,"y":0,"w":362,"h":483},"sourceSize":{"w":362,"h":483}},{"filename":"Jump 6","frame":{"x":2352,"y":2564,"w":362,"h":483},"rotated":false,"trimmed":false,"spriteSourceSize":{"x":0,"y":0,"w":362,"h":483},"sourceSize":{"w":362,"h":483}},{"filename":"Jump 7","frame":{"x":3040,"y":0,"w":362,"h":483},"rotated":false,"trimmed":false,"spriteSourceSize":{"x":0,"y":0,"w":362,"h":483},"sourceSize":{"w":362,"h":483}},{"filename":"Jump 8","frame":{"x":3040,"y":484,"w":362,"h":483},"rotated":false,"trimmed":false,"spriteSourceSize":{"x":0,"y":0,"w":362,"h":483},"sourceSize":{"w":362,"h":483}},{"filename":"Jump 9","frame":{"x":3040,"y":968,"w":362,"h":483},"rotated":false,"trimmed":false,"spriteSourceSize":{"x":0,"y":0,"w":362,"h":483},"sourceSize":{"w":362,"h":483}},{"filename":"Jump 10","frame":{"x":3040,"y":1452,"w":362,"h":483},"rotated":false,"trimmed":false,"spriteSourceSize":{"x":0,"y":0,"w":362,"h":483},"sourceSize":{"w":362,"h":483}},{"filename":"Jump_Attack 1","frame":{"x":0,"y":0,"w":504,"h":522},"rotated":false,"trimmed":false,"spriteSourceSize":{"x":0,"y":0,"w":504,"h":522},"sourceSize":{"w":504,"h":522}},{"filename":"Jump_Attack 2","frame":{"x":505,"y":0,"w":504,"h":522},"rotated":false,"trimmed":false,"spriteSourceSize":{"x":0,"y":0,"w":504,"h":522},"sourceSize":{"w":504,"h":522}},{"filename":"Jump_Attack 3","frame":{"x":0,"y":523,"w":504,"h":522},"rotated":false,"trimmed":false,"spriteSourceSize":{"x":0,"y":0,"w":504,"h":522},"sourceSize":{"w":504,"h":522}},{"filename":"Jump_Attack 4","frame":{"x":505,"y":523,"w":504,"h":522},"rotated":false,"trimmed":false,"spriteSourceSize":{"x":0,"y":0,"w":504,"h":522},"sourceSize":{"w":504,"h":522}},{"filename":"Jump_Attack 5","frame":{"x":1010,"y":0,"w":504,"h":522},"rotated":false,"trimmed":false,"spriteSourceSize":{"x":0,"y":0,"w":504,"h":522},"sourceSize":{"w":504,"h":522}},{"filename":"Jump_Attack 6","frame":{"x":1010,"y":523,"w":504,"h":522},"rotated":false,"trimmed":false,"spriteSourceSize":{"x":0,"y":0,"w":504,"h":522},"sourceSize":{"w":504,"h":522}},{"filename":"Jump_Attack 7","frame":{"x":0,"y":1046,"w":504,"h":522},"rotated":false,"trimmed":false,"spriteSourceSize":{"x":0,"y":0,"w":504,"h":522},"sourceSize":{"w":504,"h":522}},{"filename":"Jump_Attack 8","frame":{"x":505,"y":1046,"w":504,"h":522},"rotated":false,"trimmed":false,"spriteSourceSize":{"x":0,"y":0,"w":504,"h":522},"sourceSize":{"w":504,"h":522}},{"filename":"Jump_Attack 9","frame":{"x":1010,"y":1046,"w":504,"h":522},"rotated":false,"trimmed":false,"spriteSourceSize":{"x":0,"y":0,"w":504,"h":522},"sourceSize":{"w":504,"h":522}},{"filename":"Jump_Attack 10","frame":{"x":1515,"y":0,"w":504,"h":522},"rotated":false,"trimmed":false,"spriteSourceSize":{"x":0,"y":0,"w":504,"h":522},"sourceSize":{"w":504,"h":522}},{"filename":"Jump_Throw 1","frame":{"x":3403,"y":2659,"w":360,"h":431},"rotated":false,"trimmed":false,"spriteSourceSize":{"x":0,"y":0,"w":360,"h":431},"sourceSize":{"w":360,"h":431}},{"filename":"Jump_Throw 2","frame":{"x":3767,"y":452,"w":360,"h":431},"rotated":false,"trimmed":false,"spriteSourceSize":{"x":0,"y":0,"w":360,"h":431},"sourceSize":{"w":360,"h":431}},{"filename":"Jump_Throw 3","frame":{"x":3767,"y":884,"w":360,"h":431},"rotated":false,"trimmed":false,"spriteSourceSize":{"x":0,"y":0,"w":360,"h":431},"sourceSize":{"w":360,"h":431}},{"filename":"Jump_Throw 4","frame":{"x":3767,"y":1316,"w":360,"h":431},"rotated":false,"trimmed":false,"spriteSourceSize":{"x":0,"y":0,"w":360,"h":431},"sourceSize":{"w":360,"h":431}},{"filename":"Jump_Throw 5","frame":{"x":3767,"y":1748,"w":360,"h":431},"rotated":false,"trimmed":false,"spriteSourceSize":{"x":0,"y":0,"w":360,"h":431},"sourceSize":{"w":360,"h":431}},{"filename":"Jump_Throw 6","frame":{"x":3767,"y":2180,"w":360,"h":431},"rotated":false,"trimmed":false,"spriteSourceSize":{"x":0,"y":0,"w":360,"h":431},"sourceSize":{"w":360,"h":431}},{"filename":"Jump_Throw 7","frame":{"x":3767,"y":2612,"w":360,"h":431},"rotated":false,"trimmed":false,"spriteSourceSize":{"x":0,"y":0,"w":360,"h":431},"sourceSize":{"w":360,"h":431}},{"filename":"Jump_Throw 8","frame":{"x":3767,"y":3044,"w":360,"h":431},"rotated":false,"trimmed":false,"spriteSourceSize":{"x":0,"y":0,"w":360,"h":431},"sourceSize":{"w":360,"h":431}},{"filename":"Jump_Throw 9","frame":{"x":3767,"y":3476,"w":360,"h":431},"rotated":false,"trimmed":false,"spriteSourceSize":{"x":0,"y":0,"w":360,"h":431},"sourceSize":{"w":360,"h":431}},{"filename":"Jump_Throw 10","frame":{"x":0,"y":3971,"w":360,"h":431},"rotated":false,"trimmed":false,"spriteSourceSize":{"x":0,"y":0,"w":360,"h":431},"sourceSize":{"w":360,"h":431}},{"filename":"Kunai","frame":{"x":4101,"y":3971,"w":32,"h":160},"rotated":false,"trimmed":false,"spriteSourceSize":{"x":0,"y":0,"w":32,"h":160},"sourceSize":{"w":32,"h":160}},{"filename":"Run 1","frame":{"x":0,"y":3060,"w":363,"h":458},"rotated":false,"trimmed":false,"spriteSourceSize":{"x":0,"y":0,"w":363,"h":458},"sourceSize":{"w":363,"h":458}},{"filename":"Run 2","frame":{"x":364,"y":3060,"w":363,"h":458},"rotated":false,"trimmed":false,"spriteSourceSize":{"x":0,"y":0,"w":363,"h":458},"sourceSize":{"w":363,"h":458}},{"filename":"Run 3","frame":{"x":728,"y":3060,"w":363,"h":458},"rotated":false,"trimmed":false,"spriteSourceSize":{"x":0,"y":0,"w":363,"h":458},"sourceSize":{"w":363,"h":458}},{"filename":"Run 4","frame":{"x":1092,"y":3060,"w":363,"h":458},"rotated":false,"trimmed":false,"spriteSourceSize":{"x":0,"y":0,"w":363,"h":458},"sourceSize":{"w":363,"h":458}},{"filename":"Run 5","frame":{"x":1456,"y":3060,"w":363,"h":458},"rotated":false,"trimmed":false,"spriteSourceSize":{"x":0,"y":0,"w":363,"h":458},"sourceSize":{"w":363,"h":458}},{"filename":"Run 6","frame":{"x":1820,"y":3060,"w":363,"h":458},"rotated":false,"trimmed":false,"spriteSourceSize":{"x":0,"y":0,"w":363,"h":458},"sourceSize":{"w":363,"h":458}},{"filename":"Run 7","frame":{"x":2184,"y":3060,"w":363,"h":458},"rotated":false,"trimmed":false,"spriteSourceSize":{"x":0,"y":0,"w":363,"h":458},"sourceSize":{"w":363,"h":458}},{"filename":"Run 8","frame":{"x":2548,"y":3060,"w":363,"h":458},"rotated":false,"trimmed":false,"spriteSourceSize":{"x":0,"y":0,"w":363,"h":458},"sourceSize":{"w":363,"h":458}},{"filename":"Run 9","frame":{"x":2912,"y":3060,"w":363,"h":458},"rotated":false,"trimmed":false,"spriteSourceSize":{"x":0,"y":0,"w":363,"h":458},"sourceSize":{"w":363,"h":458}},{"filename":"Run 10","frame":{"x":3403,"y":0,"w":363,"h":458},"rotated":false,"trimmed":false,"spriteSourceSize":{"x":0,"y":0,"w":363,"h":458},"sourceSize":{"w":363,"h":458}},{"filename":"Slide 1","frame":{"x":361,"y":3971,"w":373,"h":351},"rotated":false,"trimmed":false,"spriteSourceSize":{"x":0,"y":0,"w":373,"h":351},"sourceSize":{"w":373,"h":351}},{"filename":"Slide 2","frame":{"x":735,"y":3971,"w":373,"h":351},"rotated":false,"trimmed":false,"spriteSourceSize":{"x":0,"y":0,"w":373,"h":351},"sourceSize":{"w":373,"h":351}},{"filename":"Slide 3","frame":{"x":1109,"y":3971,"w":373,"h":351},"rotated":false,"trimmed":false,"spriteSourceSize":{"x":0,"y":0,"w":373,"h":351},"sourceSize":{"w":373,"h":351}},{"filename":"Slide 4","frame":{"x":1483,"y":3971,"w":373,"h":351},"rotated":false,"trimmed":false,"spriteSourceSize":{"x":0,"y":0,"w":373,"h":351},"sourceSize":{"w":373,"h":351}},{"filename":"Slide 5","frame":{"x":1857,"y":3971,"w":373,"h":351},"rotated":false,"trimmed":false,"spriteSourceSize":{"x":0,"y":0,"w":373,"h":351},"sourceSize":{"w":373,"h":351}},{"filename":"Slide 6","frame":{"x":2231,"y":3971,"w":373,"h":351},"rotated":false,"trimmed":false,"spriteSourceSize":{"x":0,"y":0,"w":373,"h":351},"sourceSize":{"w":373,"h":351}},{"filename":"Slide 7","frame":{"x":2605,"y":3971,"w":373,"h":351},"rotated":false,"trimmed":false,"spriteSourceSize":{"x":0,"y":0,"w":373,"h":351},"sourceSize":{"w":373,"h":351}},{"filename":"Slide 8","frame":{"x":2979,"y":3971,"w":373,"h":351},"rotated":false,"trimmed":false,"spriteSourceSize":{"x":0,"y":0,"w":373,"h":351},"sourceSize":{"w":373,"h":351}},{"filename":"Slide 9","frame":{"x":3353,"y":3971,"w":373,"h":351},"rotated":false,"trimmed":false,"spriteSourceSize":{"x":0,"y":0,"w":373,"h":351},"sourceSize":{"w":373,"h":351}},{"filename":"Slide 10","frame":{"x":3727,"y":3971,"w":373,"h":351},"rotated":false,"trimmed":false,"spriteSourceSize":{"x":0,"y":0,"w":373,"h":351},"sourceSize":{"w":373,"h":351}},{"filename":"Throw 1","frame":{"x":0,"y":3519,"w":377,"h":451},"rotated":false,"trimmed":false,"spriteSourceSize":{"x":0,"y":0,"w":377,"h":451},"sourceSize":{"w":377,"h":451}},{"filename":"Throw 2","frame":{"x":378,"y":3519,"w":377,"h":451},"rotated":false,"trimmed":false,"spriteSourceSize":{"x":0,"y":0,"w":377,"h":451},"sourceSize":{"w":377,"h":451}},{"filename":"Throw 3","frame":{"x":756,"y":3519,"w":377,"h":451},"rotated":false,"trimmed":false,"spriteSourceSize":{"x":0,"y":0,"w":377,"h":451},"sourceSize":{"w":377,"h":451}},{"filename":"Throw 4","frame":{"x":1134,"y":3519,"w":377,"h":451},"rotated":false,"trimmed":false,"spriteSourceSize":{"x":0,"y":0,"w":377,"h":451},"sourceSize":{"w":377,"h":451}},{"filename":"Throw 5","frame":{"x":1512,"y":3519,"w":377,"h":451},"rotated":false,"trimmed":false,"spriteSourceSize":{"x":0,"y":0,"w":377,"h":451},"sourceSize":{"w":377,"h":451}},{"filename":"Throw 6","frame":{"x":1890,"y":3519,"w":377,"h":451},"rotated":false,"trimmed":false,"spriteSourceSize":{"x":0,"y":0,"w":377,"h":451},"sourceSize":{"w":377,"h":451}},{"filename":"Throw 7","frame":{"x":2268,"y":3519,"w":377,"h":451},"rotated":false,"trimmed":false,"spriteSourceSize":{"x":0,"y":0,"w":377,"h":451},"sourceSize":{"w":377,"h":451}},{"filename":"Throw 8","frame":{"x":2646,"y":3519,"w":377,"h":451},"rotated":false,"trimmed":false,"spriteSourceSize":{"x":0,"y":0,"w":377,"h":451},"sourceSize":{"w":377,"h":451}},{"filename":"Throw 9","frame":{"x":3024,"y":3519,"w":377,"h":451},"rotated":false,"trimmed":false,"spriteSourceSize":{"x":0,"y":0,"w":377,"h":451},"sourceSize":{"w":377,"h":451}},{"filename":"Throw 10","frame":{"x":3767,"y":0,"w":377,"h":451},"rotated":false,"trimmed":false,"spriteSourceSize":{"x":0,"y":0,"w":377,"h":451},"sourceSize":{"w":377,"h":451}}],"meta":{"app":"https://www.leshylabs.com/apps/sstool/","version":"Leshy SpriteSheet Tool v0.8.4","image":"ninja.png","size":{"w":4144,"h":4402},"scale":1}}