{"frames":[{"filename":"blood 64","frame":{"x":0,"y":513,"w":512,"h":512},"rotated":false,"trimmed":false,"spriteSourceSize":{"x":0,"y":0,"w":512,"h":512},"sourceSize":{"w":512,"h":512}},{"filename":"blood 1","frame":{"x":2565,"y":1026,"w":512,"h":512},"rotated":false,"trimmed":false,"spriteSourceSize":{"x":0,"y":0,"w":512,"h":512},"sourceSize":{"w":512,"h":512}},{"filename":"blood 2","frame":{"x":513,"y":0,"w":512,"h":512},"rotated":false,"trimmed":false,"spriteSourceSize":{"x":0,"y":0,"w":512,"h":512},"sourceSize":{"w":512,"h":512}},{"filename":"blood 3","frame":{"x":513,"y":513,"w":512,"h":512},"rotated":false,"trimmed":false,"spriteSourceSize":{"x":0,"y":0,"w":512,"h":512},"sourceSize":{"w":512,"h":512}},{"filename":"blood 4","frame":{"x":0,"y":1026,"w":512,"h":512},"rotated":false,"trimmed":false,"spriteSourceSize":{"x":0,"y":0,"w":512,"h":512},"sourceSize":{"w":512,"h":512}},{"filename":"blood 5","frame":{"x":513,"y":1026,"w":512,"h":512},"rotated":false,"trimmed":false,"spriteSourceSize":{"x":0,"y":0,"w":512,"h":512},"sourceSize":{"w":512,"h":512}},{"filename":"blood 6","frame":{"x":1026,"y":0,"w":512,"h":512},"rotated":false,"trimmed":false,"spriteSourceSize":{"x":0,"y":0,"w":512,"h":512},"sourceSize":{"w":512,"h":512}},{"filename":"blood 7","frame":{"x":1026,"y":513,"w":512,"h":512},"rotated":false,"trimmed":false,"spriteSourceSize":{"x":0,"y":0,"w":512,"h":512},"sourceSize":{"w":512,"h":512}},{"filename":"blood 8","frame":{"x":1026,"y":1026,"w":512,"h":512},"rotated":false,"trimmed":false,"spriteSourceSize":{"x":0,"y":0,"w":512,"h":512},"sourceSize":{"w":512,"h":512}},{"filename":"blood 9","frame":{"x":0,"y":1539,"w":512,"h":512},"rotated":false,"trimmed":false,"spriteSourceSize":{"x":0,"y":0,"w":512,"h":512},"sourceSize":{"w":512,"h":512}},{"filename":"blood 10","frame":{"x":513,"y":1539,"w":512,"h":512},"rotated":false,"trimmed":false,"spriteSourceSize":{"x":0,"y":0,"w":512,"h":512},"sourceSize":{"w":512,"h":512}},{"filename":"blood 11","frame":{"x":1026,"y":1539,"w":512,"h":512},"rotated":false,"trimmed":false,"spriteSourceSize":{"x":0,"y":0,"w":512,"h":512},"sourceSize":{"w":512,"h":512}},{"filename":"blood 12","frame":{"x":1539,"y":0,"w":512,"h":512},"rotated":false,"trimmed":false,"spriteSourceSize":{"x":0,"y":0,"w":512,"h":512},"sourceSize":{"w":512,"h":512}},{"filename":"blood 13","frame":{"x":1539,"y":513,"w":512,"h":512},"rotated":false,"trimmed":false,"spriteSourceSize":{"x":0,"y":0,"w":512,"h":512},"sourceSize":{"w":512,"h":512}},{"filename":"blood 14","frame":{"x":1539,"y":1026,"w":512,"h":512},"rotated":false,"trimmed":false,"spriteSourceSize":{"x":0,"y":0,"w":512,"h":512},"sourceSize":{"w":512,"h":512}},{"filename":"blood 15","frame":{"x":1539,"y":1539,"w":512,"h":512},"rotated":false,"trimmed":false,"spriteSourceSize":{"x":0,"y":0,"w":512,"h":512},"sourceSize":{"w":512,"h":512}},{"filename":"blood 16","frame":{"x":0,"y":2052,"w":512,"h":512},"rotated":false,"trimmed":false,"spriteSourceSize":{"x":0,"y":0,"w":512,"h":512},"sourceSize":{"w":512,"h":512}},{"filename":"blood 17","frame":{"x":513,"y":2052,"w":512,"h":512},"rotated":false,"trimmed":false,"spriteSourceSize":{"x":0,"y":0,"w":512,"h":512},"sourceSize":{"w":512,"h":512}},{"filename":"blood 18","frame":{"x":1026,"y":2052,"w":512,"h":512},"rotated":false,"trimmed":false,"spriteSourceSize":{"x":0,"y":0,"w":512,"h":512},"sourceSize":{"w":512,"h":512}},{"filename":"blood 19","frame":{"x":1539,"y":2052,"w":512,"h":512},"rotated":false,"trimmed":false,"spriteSourceSize":{"x":0,"y":0,"w":512,"h":512},"sourceSize":{"w":512,"h":512}},{"filename":"blood 20","frame":{"x":2052,"y":0,"w":512,"h":512},"rotated":false,"trimmed":false,"spriteSourceSize":{"x":0,"y":0,"w":512,"h":512},"sourceSize":{"w":512,"h":512}},{"filename":"blood 21","frame":{"x":2052,"y":513,"w":512,"h":512},"rotated":false,"trimmed":false,"spriteSourceSize":{"x":0,"y":0,"w":512,"h":512},"sourceSize":{"w":512,"h":512}},{"filename":"blood 22","frame":{"x":2052,"y":1026,"w":512,"h":512},"rotated":false,"trimmed":false,"spriteSourceSize":{"x":0,"y":0,"w":512,"h":512},"sourceSize":{"w":512,"h":512}},{"filename":"blood 23","frame":{"x":2052,"y":1539,"w":512,"h":512},"rotated":false,"trimmed":false,"spriteSourceSize":{"x":0,"y":0,"w":512,"h":512},"sourceSize":{"w":512,"h":512}},{"filename":"blood 24","frame":{"x":2052,"y":2052,"w":512,"h":512},"rotated":false,"trimmed":false,"spriteSourceSize":{"x":0,"y":0,"w":512,"h":512},"sourceSize":{"w":512,"h":512}},{"filename":"blood 25","frame":{"x":0,"y":2565,"w":512,"h":512},"rotated":false,"trimmed":false,"spriteSourceSize":{"x":0,"y":0,"w":512,"h":512},"sourceSize":{"w":512,"h":512}},{"filename":"blood 26","frame":{"x":513,"y":2565,"w":512,"h":512},"rotated":false,"trimmed":false,"spriteSourceSize":{"x":0,"y":0,"w":512,"h":512},"sourceSize":{"w":512,"h":512}},{"filename":"blood 27","frame":{"x":1026,"y":2565,"w":512,"h":512},"rotated":false,"trimmed":false,"spriteSourceSize":{"x":0,"y":0,"w":512,"h":512},"sourceSize":{"w":512,"h":512}},{"filename":"blood 28","frame":{"x":1539,"y":2565,"w":512,"h":512},"rotated":false,"trimmed":false,"spriteSourceSize":{"x":0,"y":0,"w":512,"h":512},"sourceSize":{"w":512,"h":512}},{"filename":"blood 29","frame":{"x":2052,"y":2565,"w":512,"h":512},"rotated":false,"trimmed":false,"spriteSourceSize":{"x":0,"y":0,"w":512,"h":512},"sourceSize":{"w":512,"h":512}},{"filename":"blood 30","frame":{"x":2565,"y":0,"w":512,"h":512},"rotated":false,"trimmed":false,"spriteSourceSize":{"x":0,"y":0,"w":512,"h":512},"sourceSize":{"w":512,"h":512}},{"filename":"blood 31","frame":{"x":2565,"y":513,"w":512,"h":512},"rotated":false,"trimmed":false,"spriteSourceSize":{"x":0,"y":0,"w":512,"h":512},"sourceSize":{"w":512,"h":512}},{"filename":"blood 32","frame":{"x":0,"y":0,"w":512,"h":512},"rotated":false,"trimmed":false,"spriteSourceSize":{"x":0,"y":0,"w":512,"h":512},"sourceSize":{"w":512,"h":512}},{"filename":"blood 33","frame":{"x":2565,"y":1539,"w":512,"h":512},"rotated":false,"trimmed":false,"spriteSourceSize":{"x":0,"y":0,"w":512,"h":512},"sourceSize":{"w":512,"h":512}},{"filename":"blood 34","frame":{"x":2565,"y":2052,"w":512,"h":512},"rotated":false,"trimmed":false,"spriteSourceSize":{"x":0,"y":0,"w":512,"h":512},"sourceSize":{"w":512,"h":512}},{"filename":"blood 35","frame":{"x":2565,"y":2565,"w":512,"h":512},"rotated":false,"trimmed":false,"spriteSourceSize":{"x":0,"y":0,"w":512,"h":512},"sourceSize":{"w":512,"h":512}},{"filename":"blood 36","frame":{"x":0,"y":3078,"w":512,"h":512},"rotated":false,"trimmed":false,"spriteSourceSize":{"x":0,"y":0,"w":512,"h":512},"sourceSize":{"w":512,"h":512}},{"filename":"blood 37","frame":{"x":513,"y":3078,"w":512,"h":512},"rotated":false,"trimmed":false,"spriteSourceSize":{"x":0,"y":0,"w":512,"h":512},"sourceSize":{"w":512,"h":512}},{"filename":"blood 38","frame":{"x":1026,"y":3078,"w":512,"h":512},"rotated":false,"trimmed":false,"spriteSourceSize":{"x":0,"y":0,"w":512,"h":512},"sourceSize":{"w":512,"h":512}},{"filename":"blood 39","frame":{"x":1539,"y":3078,"w":512,"h":512},"rotated":false,"trimmed":false,"spriteSourceSize":{"x":0,"y":0,"w":512,"h":512},"sourceSize":{"w":512,"h":512}},{"filename":"blood 40","frame":{"x":2052,"y":3078,"w":512,"h":512},"rotated":false,"trimmed":false,"spriteSourceSize":{"x":0,"y":0,"w":512,"h":512},"sourceSize":{"w":512,"h":512}},{"filename":"blood 41","frame":{"x":2565,"y":3078,"w":512,"h":512},"rotated":false,"trimmed":false,"spriteSourceSize":{"x":0,"y":0,"w":512,"h":512},"sourceSize":{"w":512,"h":512}},{"filename":"blood 42","frame":{"x":3078,"y":0,"w":512,"h":512},"rotated":false,"trimmed":false,"spriteSourceSize":{"x":0,"y":0,"w":512,"h":512},"sourceSize":{"w":512,"h":512}},{"filename":"blood 43","frame":{"x":3078,"y":513,"w":512,"h":512},"rotated":false,"trimmed":false,"spriteSourceSize":{"x":0,"y":0,"w":512,"h":512},"sourceSize":{"w":512,"h":512}},{"filename":"blood 44","frame":{"x":3078,"y":1026,"w":512,"h":512},"rotated":false,"trimmed":false,"spriteSourceSize":{"x":0,"y":0,"w":512,"h":512},"sourceSize":{"w":512,"h":512}},{"filename":"blood 45","frame":{"x":3078,"y":1539,"w":512,"h":512},"rotated":false,"trimmed":false,"spriteSourceSize":{"x":0,"y":0,"w":512,"h":512},"sourceSize":{"w":512,"h":512}},{"filename":"blood 46","frame":{"x":3078,"y":2052,"w":512,"h":512},"rotated":false,"trimmed":false,"spriteSourceSize":{"x":0,"y":0,"w":512,"h":512},"sourceSize":{"w":512,"h":512}},{"filename":"blood 47","frame":{"x":3078,"y":2565,"w":512,"h":512},"rotated":false,"trimmed":false,"spriteSourceSize":{"x":0,"y":0,"w":512,"h":512},"sourceSize":{"w":512,"h":512}},{"filename":"blood 48","frame":{"x":3078,"y":3078,"w":512,"h":512},"rotated":false,"trimmed":false,"spriteSourceSize":{"x":0,"y":0,"w":512,"h":512},"sourceSize":{"w":512,"h":512}},{"filename":"blood 49","frame":{"x":0,"y":3591,"w":512,"h":512},"rotated":false,"trimmed":false,"spriteSourceSize":{"x":0,"y":0,"w":512,"h":512},"sourceSize":{"w":512,"h":512}},{"filename":"blood 50","frame":{"x":513,"y":3591,"w":512,"h":512},"rotated":false,"trimmed":false,"spriteSourceSize":{"x":0,"y":0,"w":512,"h":512},"sourceSize":{"w":512,"h":512}},{"filename":"blood 51","frame":{"x":1026,"y":3591,"w":512,"h":512},"rotated":false,"trimmed":false,"spriteSourceSize":{"x":0,"y":0,"w":512,"h":512},"sourceSize":{"w":512,"h":512}},{"filename":"blood 52","frame":{"x":1539,"y":3591,"w":512,"h":512},"rotated":false,"trimmed":false,"spriteSourceSize":{"x":0,"y":0,"w":512,"h":512},"sourceSize":{"w":512,"h":512}},{"filename":"blood 53","frame":{"x":2052,"y":3591,"w":512,"h":512},"rotated":false,"trimmed":false,"spriteSourceSize":{"x":0,"y":0,"w":512,"h":512},"sourceSize":{"w":512,"h":512}},{"filename":"blood 54","frame":{"x":2565,"y":3591,"w":512,"h":512},"rotated":false,"trimmed":false,"spriteSourceSize":{"x":0,"y":0,"w":512,"h":512},"sourceSize":{"w":512,"h":512}},{"filename":"blood 55","frame":{"x":3078,"y":3591,"w":512,"h":512},"rotated":false,"trimmed":false,"spriteSourceSize":{"x":0,"y":0,"w":512,"h":512},"sourceSize":{"w":512,"h":512}},{"filename":"blood 56","frame":{"x":3591,"y":0,"w":512,"h":512},"rotated":false,"trimmed":false,"spriteSourceSize":{"x":0,"y":0,"w":512,"h":512},"sourceSize":{"w":512,"h":512}},{"filename":"blood 57","frame":{"x":3591,"y":513,"w":512,"h":512},"rotated":false,"trimmed":false,"spriteSourceSize":{"x":0,"y":0,"w":512,"h":512},"sourceSize":{"w":512,"h":512}},{"filename":"blood 58","frame":{"x":3591,"y":1026,"w":512,"h":512},"rotated":false,"trimmed":false,"spriteSourceSize":{"x":0,"y":0,"w":512,"h":512},"sourceSize":{"w":512,"h":512}},{"filename":"blood 59","frame":{"x":3591,"y":1539,"w":512,"h":512},"rotated":false,"trimmed":false,"spriteSourceSize":{"x":0,"y":0,"w":512,"h":512},"sourceSize":{"w":512,"h":512}},{"filename":"blood 60","frame":{"x":3591,"y":2052,"w":512,"h":512},"rotated":false,"trimmed":false,"spriteSourceSize":{"x":0,"y":0,"w":512,"h":512},"sourceSize":{"w":512,"h":512}},{"filename":"blood 61","frame":{"x":3591,"y":2565,"w":512,"h":512},"rotated":false,"trimmed":false,"spriteSourceSize":{"x":0,"y":0,"w":512,"h":512},"sourceSize":{"w":512,"h":512}},{"filename":"blood 62","frame":{"x":3591,"y":3078,"w":512,"h":512},"rotated":false,"trimmed":false,"spriteSourceSize":{"x":0,"y":0,"w":512,"h":512},"sourceSize":{"w":512,"h":512}},{"filename":"blood 63","frame":{"x":3591,"y":3591,"w":512,"h":512},"rotated":false,"trimmed":false,"spriteSourceSize":{"x":0,"y":0,"w":512,"h":512},"sourceSize":{"w":512,"h":512}}],"meta":{"app":"https://www.leshylabs.com/apps/sstool/","version":"Leshy SpriteSheet Tool v0.8.4","image":"blood_spritesheet.png","size":{"w":4103,"h":4103},"scale":1}}