{"frames":[{"filename":"Jump 1","frame":{"x":3969,"y":3336,"w":567,"h":556},"rotated":false,"trimmed":false,"spriteSourceSize":{"x":0,"y":0,"w":567,"h":556},"sourceSize":{"w":567,"h":556}},{"filename":"Jump 2","frame":{"x":0,"y":1075,"w":567,"h":556},"rotated":false,"trimmed":false,"spriteSourceSize":{"x":0,"y":0,"w":567,"h":556},"sourceSize":{"w":567,"h":556}},{"filename":"Jump 3","frame":{"x":1701,"y":1112,"w":567,"h":556},"rotated":false,"trimmed":false,"spriteSourceSize":{"x":0,"y":0,"w":567,"h":556},"sourceSize":{"w":567,"h":556}},{"filename":"Jump 4","frame":{"x":2835,"y":0,"w":567,"h":556},"rotated":false,"trimmed":false,"spriteSourceSize":{"x":0,"y":0,"w":567,"h":556},"sourceSize":{"w":567,"h":556}},{"filename":"Jump 5","frame":{"x":4536,"y":1112,"w":567,"h":556},"rotated":false,"trimmed":false,"spriteSourceSize":{"x":0,"y":0,"w":567,"h":556},"sourceSize":{"w":567,"h":556}},{"filename":"Jump 6","frame":{"x":3402,"y":4930,"w":567,"h":556},"rotated":false,"trimmed":false,"spriteSourceSize":{"x":0,"y":0,"w":567,"h":556},"sourceSize":{"w":567,"h":556}},{"filename":"Jump 7","frame":{"x":0,"y":3818,"w":567,"h":556},"rotated":false,"trimmed":false,"spriteSourceSize":{"x":0,"y":0,"w":567,"h":556},"sourceSize":{"w":567,"h":556}},{"filename":"Jump 8","frame":{"x":1134,"y":2706,"w":567,"h":556},"rotated":false,"trimmed":false,"spriteSourceSize":{"x":0,"y":0,"w":567,"h":556},"sourceSize":{"w":567,"h":556}},{"filename":"Jump 9","frame":{"x":2835,"y":1112,"w":567,"h":556},"rotated":false,"trimmed":false,"spriteSourceSize":{"x":0,"y":0,"w":567,"h":556},"sourceSize":{"w":567,"h":556}},{"filename":"Jump 10","frame":{"x":3969,"y":2224,"w":567,"h":556},"rotated":false,"trimmed":false,"spriteSourceSize":{"x":0,"y":0,"w":567,"h":556},"sourceSize":{"w":567,"h":556}},{"filename":"JumpMelee 1","frame":{"x":4536,"y":3892,"w":567,"h":556},"rotated":false,"trimmed":false,"spriteSourceSize":{"x":0,"y":0,"w":567,"h":556},"sourceSize":{"w":567,"h":556}},{"filename":"JumpMelee 2","frame":{"x":3969,"y":1668,"w":567,"h":556},"rotated":false,"trimmed":false,"spriteSourceSize":{"x":0,"y":0,"w":567,"h":556},"sourceSize":{"w":567,"h":556}},{"filename":"JumpMelee 3","frame":{"x":4536,"y":2780,"w":567,"h":556},"rotated":false,"trimmed":false,"spriteSourceSize":{"x":0,"y":0,"w":567,"h":556},"sourceSize":{"w":567,"h":556}},{"filename":"JumpMelee 4","frame":{"x":1134,"y":0,"w":567,"h":556},"rotated":false,"trimmed":false,"spriteSourceSize":{"x":0,"y":0,"w":567,"h":556},"sourceSize":{"w":567,"h":556}},{"filename":"JumpMelee 5","frame":{"x":567,"y":3818,"w":567,"h":556},"rotated":false,"trimmed":false,"spriteSourceSize":{"x":0,"y":0,"w":567,"h":556},"sourceSize":{"w":567,"h":556}},{"filename":"JumpMelee 6","frame":{"x":1701,"y":4930,"w":567,"h":556},"rotated":false,"trimmed":false,"spriteSourceSize":{"x":0,"y":0,"w":567,"h":556},"sourceSize":{"w":567,"h":556}},{"filename":"JumpMelee 7","frame":{"x":3402,"y":1668,"w":567,"h":556},"rotated":false,"trimmed":false,"spriteSourceSize":{"x":0,"y":0,"w":567,"h":556},"sourceSize":{"w":567,"h":556}},{"filename":"JumpMelee 8","frame":{"x":2268,"y":3262,"w":567,"h":556},"rotated":false,"trimmed":false,"spriteSourceSize":{"x":0,"y":0,"w":567,"h":556},"sourceSize":{"w":567,"h":556}},{"filename":"JumpShoot 1","frame":{"x":2835,"y":1668,"w":567,"h":556},"rotated":false,"trimmed":false,"spriteSourceSize":{"x":0,"y":0,"w":567,"h":556},"sourceSize":{"w":567,"h":556}},{"filename":"JumpShoot 2","frame":{"x":2835,"y":556,"w":567,"h":556},"rotated":false,"trimmed":false,"spriteSourceSize":{"x":0,"y":0,"w":567,"h":556},"sourceSize":{"w":567,"h":556}},{"filename":"JumpShoot 3","frame":{"x":567,"y":3262,"w":567,"h":556},"rotated":false,"trimmed":false,"spriteSourceSize":{"x":0,"y":0,"w":567,"h":556},"sourceSize":{"w":567,"h":556}},{"filename":"JumpShoot 4","frame":{"x":567,"y":0,"w":567,"h":556},"rotated":false,"trimmed":false,"spriteSourceSize":{"x":0,"y":0,"w":567,"h":556},"sourceSize":{"w":567,"h":556}},{"filename":"Run 1","frame":{"x":3402,"y":0,"w":567,"h":556},"rotated":false,"trimmed":false,"spriteSourceSize":{"x":0,"y":0,"w":567,"h":556},"sourceSize":{"w":567,"h":556}},{"filename":"JumpShoot 5","frame":{"x":2268,"y":0,"w":567,"h":556},"rotated":false,"trimmed":false,"spriteSourceSize":{"x":0,"y":0,"w":567,"h":556},"sourceSize":{"w":567,"h":556}},{"filename":"Run 2","frame":{"x":3402,"y":4374,"w":567,"h":556},"rotated":false,"trimmed":false,"spriteSourceSize":{"x":0,"y":0,"w":567,"h":556},"sourceSize":{"w":567,"h":556}},{"filename":"Run 3","frame":{"x":1134,"y":4930,"w":567,"h":556},"rotated":false,"trimmed":false,"spriteSourceSize":{"x":0,"y":0,"w":567,"h":556},"sourceSize":{"w":567,"h":556}},{"filename":"Run 4","frame":{"x":1134,"y":3262,"w":567,"h":556},"rotated":false,"trimmed":false,"spriteSourceSize":{"x":0,"y":0,"w":567,"h":556},"sourceSize":{"w":567,"h":556}},{"filename":"Run 5","frame":{"x":1701,"y":3818,"w":567,"h":556},"rotated":false,"trimmed":false,"spriteSourceSize":{"x":0,"y":0,"w":567,"h":556},"sourceSize":{"w":567,"h":556}},{"filename":"Run 6","frame":{"x":3402,"y":556,"w":567,"h":556},"rotated":false,"trimmed":false,"spriteSourceSize":{"x":0,"y":0,"w":567,"h":556},"sourceSize":{"w":567,"h":556}},{"filename":"Run 7","frame":{"x":2268,"y":4374,"w":567,"h":556},"rotated":false,"trimmed":false,"spriteSourceSize":{"x":0,"y":0,"w":567,"h":556},"sourceSize":{"w":567,"h":556}},{"filename":"Run 8","frame":{"x":2835,"y":3262,"w":567,"h":556},"rotated":false,"trimmed":false,"spriteSourceSize":{"x":0,"y":0,"w":567,"h":556},"sourceSize":{"w":567,"h":556}},{"filename":"RunShoot 1","frame":{"x":3969,"y":2780,"w":567,"h":556},"rotated":false,"trimmed":false,"spriteSourceSize":{"x":0,"y":0,"w":567,"h":556},"sourceSize":{"w":567,"h":556}},{"filename":"RunShoot 2","frame":{"x":567,"y":4374,"w":567,"h":556},"rotated":false,"trimmed":false,"spriteSourceSize":{"x":0,"y":0,"w":567,"h":556},"sourceSize":{"w":567,"h":556}},{"filename":"RunShoot 3","frame":{"x":4536,"y":3336,"w":567,"h":556},"rotated":false,"trimmed":false,"spriteSourceSize":{"x":0,"y":0,"w":567,"h":556},"sourceSize":{"w":567,"h":556}},{"filename":"RunShoot 4","frame":{"x":2268,"y":4930,"w":567,"h":556},"rotated":false,"trimmed":false,"spriteSourceSize":{"x":0,"y":0,"w":567,"h":556},"sourceSize":{"w":567,"h":556}},{"filename":"RunShoot 5","frame":{"x":1134,"y":4374,"w":567,"h":556},"rotated":false,"trimmed":false,"spriteSourceSize":{"x":0,"y":0,"w":567,"h":556},"sourceSize":{"w":567,"h":556}},{"filename":"RunShoot 6","frame":{"x":3969,"y":556,"w":567,"h":556},"rotated":false,"trimmed":false,"spriteSourceSize":{"x":0,"y":0,"w":567,"h":556},"sourceSize":{"w":567,"h":556}},{"filename":"RunShoot 7","frame":{"x":3969,"y":4930,"w":567,"h":556},"rotated":false,"trimmed":false,"spriteSourceSize":{"x":0,"y":0,"w":567,"h":556},"sourceSize":{"w":567,"h":556}},{"filename":"RunShoot 8","frame":{"x":0,"y":4930,"w":567,"h":556},"rotated":false,"trimmed":false,"spriteSourceSize":{"x":0,"y":0,"w":567,"h":556},"sourceSize":{"w":567,"h":556}},{"filename":"RunShoot 9","frame":{"x":3402,"y":1112,"w":567,"h":556},"rotated":false,"trimmed":false,"spriteSourceSize":{"x":0,"y":0,"w":567,"h":556},"sourceSize":{"w":567,"h":556}},{"filename":"Shoot 1","frame":{"x":2835,"y":2224,"w":567,"h":556},"rotated":false,"trimmed":false,"spriteSourceSize":{"x":0,"y":0,"w":567,"h":556},"sourceSize":{"w":567,"h":556}},{"filename":"Shoot 2","frame":{"x":1701,"y":4374,"w":567,"h":556},"rotated":false,"trimmed":false,"spriteSourceSize":{"x":0,"y":0,"w":567,"h":556},"sourceSize":{"w":567,"h":556}},{"filename":"Shoot 3","frame":{"x":0,"y":2150,"w":567,"h":556},"rotated":false,"trimmed":false,"spriteSourceSize":{"x":0,"y":0,"w":567,"h":556},"sourceSize":{"w":567,"h":556}},{"filename":"Shoot 4","frame":{"x":2835,"y":4374,"w":567,"h":556},"rotated":false,"trimmed":false,"spriteSourceSize":{"x":0,"y":0,"w":567,"h":556},"sourceSize":{"w":567,"h":556}},{"filename":"Slide 1","frame":{"x":4536,"y":1668,"w":567,"h":556},"rotated":false,"trimmed":false,"spriteSourceSize":{"x":0,"y":0,"w":567,"h":556},"sourceSize":{"w":567,"h":556}},{"filename":"Slide 2","frame":{"x":1134,"y":3818,"w":567,"h":556},"rotated":false,"trimmed":false,"spriteSourceSize":{"x":0,"y":0,"w":567,"h":556},"sourceSize":{"w":567,"h":556}},{"filename":"Slide 3","frame":{"x":2268,"y":2706,"w":567,"h":556},"rotated":false,"trimmed":false,"spriteSourceSize":{"x":0,"y":0,"w":567,"h":556},"sourceSize":{"w":567,"h":556}},{"filename":"Slide 4","frame":{"x":2268,"y":556,"w":567,"h":556},"rotated":false,"trimmed":false,"spriteSourceSize":{"x":0,"y":0,"w":567,"h":556},"sourceSize":{"w":567,"h":556}},{"filename":"Slide 5","frame":{"x":1701,"y":2706,"w":567,"h":556},"rotated":false,"trimmed":false,"spriteSourceSize":{"x":0,"y":0,"w":567,"h":556},"sourceSize":{"w":567,"h":556}},{"filename":"Slide 6","frame":{"x":2268,"y":1112,"w":567,"h":556},"rotated":false,"trimmed":false,"spriteSourceSize":{"x":0,"y":0,"w":567,"h":556},"sourceSize":{"w":567,"h":556}},{"filename":"Slide 7","frame":{"x":2835,"y":4930,"w":567,"h":556},"rotated":false,"trimmed":false,"spriteSourceSize":{"x":0,"y":0,"w":567,"h":556},"sourceSize":{"w":567,"h":556}},{"filename":"Slide 8","frame":{"x":4536,"y":0,"w":567,"h":556},"rotated":false,"trimmed":false,"spriteSourceSize":{"x":0,"y":0,"w":567,"h":556},"sourceSize":{"w":567,"h":556}},{"filename":"Slide 9","frame":{"x":1134,"y":556,"w":567,"h":556},"rotated":false,"trimmed":false,"spriteSourceSize":{"x":0,"y":0,"w":567,"h":556},"sourceSize":{"w":567,"h":556}},{"filename":"Slide 10","frame":{"x":1701,"y":3262,"w":567,"h":556},"rotated":false,"trimmed":false,"spriteSourceSize":{"x":0,"y":0,"w":567,"h":556},"sourceSize":{"w":567,"h":556}},{"filename":"Attack 1","frame":{"x":3402,"y":2224,"w":567,"h":556},"rotated":false,"trimmed":false,"spriteSourceSize":{"x":0,"y":0,"w":567,"h":556},"sourceSize":{"w":567,"h":556}},{"filename":"Attack 2","frame":{"x":2268,"y":1668,"w":567,"h":556},"rotated":false,"trimmed":false,"spriteSourceSize":{"x":0,"y":0,"w":567,"h":556},"sourceSize":{"w":567,"h":556}},{"filename":"Attack 3","frame":{"x":2268,"y":3818,"w":567,"h":556},"rotated":false,"trimmed":false,"spriteSourceSize":{"x":0,"y":0,"w":567,"h":556},"sourceSize":{"w":567,"h":556}},{"filename":"Attack 4","frame":{"x":3969,"y":0,"w":567,"h":556},"rotated":false,"trimmed":false,"spriteSourceSize":{"x":0,"y":0,"w":567,"h":556},"sourceSize":{"w":567,"h":556}},{"filename":"Attack 5","frame":{"x":0,"y":0,"w":567,"h":556},"rotated":false,"trimmed":false,"spriteSourceSize":{"x":0,"y":0,"w":567,"h":556},"sourceSize":{"w":567,"h":556}},{"filename":"Attack 6","frame":{"x":4536,"y":2224,"w":567,"h":556},"rotated":false,"trimmed":false,"spriteSourceSize":{"x":0,"y":0,"w":567,"h":556},"sourceSize":{"w":567,"h":556}},{"filename":"Attack 7","frame":{"x":0,"y":2706,"w":567,"h":556},"rotated":false,"trimmed":false,"spriteSourceSize":{"x":0,"y":0,"w":567,"h":556},"sourceSize":{"w":567,"h":556}},{"filename":"Attack 8","frame":{"x":567,"y":2150,"w":567,"h":556},"rotated":false,"trimmed":false,"spriteSourceSize":{"x":0,"y":0,"w":567,"h":556},"sourceSize":{"w":567,"h":556}},{"filename":"Attack 9","frame":{"x":567,"y":1075,"w":567,"h":556},"rotated":false,"trimmed":false,"spriteSourceSize":{"x":0,"y":0,"w":567,"h":556},"sourceSize":{"w":567,"h":556}},{"filename":"Attack 10","frame":{"x":3969,"y":1112,"w":567,"h":556},"rotated":false,"trimmed":false,"spriteSourceSize":{"x":0,"y":0,"w":567,"h":556},"sourceSize":{"w":567,"h":556}},{"filename":"Dead 1","frame":{"x":1124,"y":1631,"w":562,"h":519},"rotated":false,"trimmed":false,"spriteSourceSize":{"x":0,"y":0,"w":562,"h":519},"sourceSize":{"w":562,"h":519}},{"filename":"Dead 2","frame":{"x":2835,"y":3818,"w":562,"h":519},"rotated":false,"trimmed":false,"spriteSourceSize":{"x":0,"y":0,"w":562,"h":519},"sourceSize":{"w":562,"h":519}},{"filename":"Dead 3","frame":{"x":0,"y":556,"w":562,"h":519},"rotated":false,"trimmed":false,"spriteSourceSize":{"x":0,"y":0,"w":562,"h":519},"sourceSize":{"w":562,"h":519}},{"filename":"Dead 4","frame":{"x":562,"y":1631,"w":562,"h":519},"rotated":false,"trimmed":false,"spriteSourceSize":{"x":0,"y":0,"w":562,"h":519},"sourceSize":{"w":562,"h":519}},{"filename":"Dead 5","frame":{"x":1134,"y":1112,"w":562,"h":519},"rotated":false,"trimmed":false,"spriteSourceSize":{"x":0,"y":0,"w":562,"h":519},"sourceSize":{"w":562,"h":519}},{"filename":"Dead 6","frame":{"x":0,"y":1631,"w":562,"h":519},"rotated":false,"trimmed":false,"spriteSourceSize":{"x":0,"y":0,"w":562,"h":519},"sourceSize":{"w":562,"h":519}},{"filename":"Dead 7","frame":{"x":1134,"y":2150,"w":562,"h":519},"rotated":false,"trimmed":false,"spriteSourceSize":{"x":0,"y":0,"w":562,"h":519},"sourceSize":{"w":562,"h":519}},{"filename":"Dead 8","frame":{"x":1696,"y":2150,"w":562,"h":519},"rotated":false,"trimmed":false,"spriteSourceSize":{"x":0,"y":0,"w":562,"h":519},"sourceSize":{"w":562,"h":519}},{"filename":"Dead 9","frame":{"x":567,"y":556,"w":562,"h":519},"rotated":false,"trimmed":false,"spriteSourceSize":{"x":0,"y":0,"w":562,"h":519},"sourceSize":{"w":562,"h":519}},{"filename":"Dead 10","frame":{"x":3397,"y":3818,"w":562,"h":519},"rotated":false,"trimmed":false,"spriteSourceSize":{"x":0,"y":0,"w":562,"h":519},"sourceSize":{"w":562,"h":519}},{"filename":"Idle 1","frame":{"x":3969,"y":4374,"w":567,"h":556},"rotated":false,"trimmed":false,"spriteSourceSize":{"x":0,"y":0,"w":567,"h":556},"sourceSize":{"w":567,"h":556}},{"filename":"Idle 2","frame":{"x":0,"y":3262,"w":567,"h":556},"rotated":false,"trimmed":false,"spriteSourceSize":{"x":0,"y":0,"w":567,"h":556},"sourceSize":{"w":567,"h":556}},{"filename":"Idle 3","frame":{"x":567,"y":4930,"w":567,"h":556},"rotated":false,"trimmed":false,"spriteSourceSize":{"x":0,"y":0,"w":567,"h":556},"sourceSize":{"w":567,"h":556}},{"filename":"Idle 4","frame":{"x":0,"y":4374,"w":567,"h":556},"rotated":false,"trimmed":false,"spriteSourceSize":{"x":0,"y":0,"w":567,"h":556},"sourceSize":{"w":567,"h":556}},{"filename":"Idle 5","frame":{"x":1701,"y":556,"w":567,"h":556},"rotated":false,"trimmed":false,"spriteSourceSize":{"x":0,"y":0,"w":567,"h":556},"sourceSize":{"w":567,"h":556}},{"filename":"Idle 6","frame":{"x":4536,"y":556,"w":567,"h":556},"rotated":false,"trimmed":false,"spriteSourceSize":{"x":0,"y":0,"w":567,"h":556},"sourceSize":{"w":567,"h":556}},{"filename":"Idle 7","frame":{"x":3402,"y":2780,"w":567,"h":556},"rotated":false,"trimmed":false,"spriteSourceSize":{"x":0,"y":0,"w":567,"h":556},"sourceSize":{"w":567,"h":556}},{"filename":"Idle 8","frame":{"x":567,"y":2706,"w":567,"h":556},"rotated":false,"trimmed":false,"spriteSourceSize":{"x":0,"y":0,"w":567,"h":556},"sourceSize":{"w":567,"h":556}},{"filename":"Idle 9","frame":{"x":1701,"y":0,"w":567,"h":556},"rotated":false,"trimmed":false,"spriteSourceSize":{"x":0,"y":0,"w":567,"h":556},"sourceSize":{"w":567,"h":556}},{"filename":"Idle 10","frame":{"x":4536,"y":4930,"w":567,"h":556},"rotated":false,"trimmed":false,"spriteSourceSize":{"x":0,"y":0,"w":567,"h":556},"sourceSize":{"w":567,"h":556}}],"meta":{"app":"https://www.leshylabs.com/apps/sstool/","version":"Leshy SpriteSheet Tool v0.8.4","image":"robot.png","size":{"w":5103,"h":5486},"scale":1}}